# symbol->address linker-facts table (bead evm-asm-4ch8f.6, wave .9.3)
# Regenerate: scripts/gen-symbol-addresses.py --build
# columns: unit	symbol	address	section	stability
# STABLE addresses are pinned by codegen/linker flags; LINK_DEPENDENT
# addresses move on any .text/.data size change and MUST be read from the ELF.
stateless_guest	.text	0x80000000	.text	STABLE
stateless_guest	.data	0xa3000000	.data	STABLE
stateless_guest	.bss	0xa3110000	.bss	STABLE
stateless_guest	.sszscratch	0xbf980000	.sszscratch	STABLE
stateless_guest	_start	0x80000000	.text	LINK_DEPENDENT
stateless_guest	zkvm_sha256	0x800016ac	.text	LINK_DEPENDENT
stateless_guest	ssz_pack_bytes	0x80001890	.text	LINK_DEPENDENT
stateless_guest	ssz_merkleize_pow2	0x800018e8	.text	LINK_DEPENDENT
stateless_guest	ssz_merkleize	0x800019d0	.text	LINK_DEPENDENT
stateless_guest	ssz_hash_tree_root_bytes	0x80001b70	.text	LINK_DEPENDENT
stateless_guest	ssz_hash_tree_root_list_bytelist	0x80001c48	.text	LINK_DEPENDENT
stateless_guest	sg_load_u32le	0x80001eac	.text	LINK_DEPENDENT
stateless_guest	sg_memcpy	0x80001edc	.text	LINK_DEPENDENT
stateless_guest	ssz_htr_withdrawals	0x80001efc	.text	LINK_DEPENDENT
stateless_guest	sg_htr_bv48	0x8000212c	.text	LINK_DEPENDENT
stateless_guest	sg_htr_bv96	0x80002190	.text	LINK_DEPENDENT
stateless_guest	sg_htr_deposit	0x800021e8	.text	LINK_DEPENDENT
stateless_guest	sg_htr_wr	0x800022c8	.text	LINK_DEPENDENT
stateless_guest	sg_htr_cr	0x8000237c	.text	LINK_DEPENDENT
stateless_guest	sg_htr_bd	0x80002414	.text	LINK_DEPENDENT
stateless_guest	sg_htr_be	0x800024c4	.text	LINK_DEPENDENT
stateless_guest	sg_htr_clist	0x80002548	.text	LINK_DEPENDENT
stateless_guest	ssz_htr_execution_requests	0x80002648	.text	LINK_DEPENDENT
stateless_guest	rlp_list_nth_item	0x800027c0	.text	LINK_DEPENDENT
stateless_guest	rlp_field_to_u64	0x80002ac8	.text	LINK_DEPENDENT
stateless_guest	validate_parent_hash_link	0x80002b5c	.text	LINK_DEPENDENT
stateless_guest	chain_validate_post_merge_full	0x80002c9c	.text	LINK_DEPENDENT
stateless_guest	chain_validate_extra_data_length	0x80002ef0	.text	LINK_DEPENDENT
stateless_guest	chain_validate_gas_used_under_limit	0x80003004	.text	LINK_DEPENDENT
stateless_guest	chain_validate_blob_gas_used_multiple	0x80003150	.text	LINK_DEPENDENT
stateless_guest	chain_validate_blob_gas_used_under_max	0x80003260	.text	LINK_DEPENDENT
stateless_guest	chain_validate_increasing_timestamps	0x80003368	.text	LINK_DEPENDENT
stateless_guest	chain_validate_consecutive_numbers	0x800034d8	.text	LINK_DEPENDENT
stateless_guest	zkvm_keccak256	0x8000364c	.text	LINK_DEPENDENT
stateless_guest	zkvm_keccak256_segments	0x80003760	.text	LINK_DEPENDENT
stateless_guest	witness_lookup_by_hash	0x80003878	.text	LINK_DEPENDENT
stateless_guest	widx_record_ptr	0x80003ae4	.text	LINK_DEPENDENT
stateless_guest	widx_cmp32	0x80003b00	.text	LINK_DEPENDENT
stateless_guest	widx_swap_records	0x80003b40	.text	LINK_DEPENDENT
stateless_guest	widx_sift_down	0x80003b70	.text	LINK_DEPENDENT
stateless_guest	witness_index_build	0x80003c6c	.text	LINK_DEPENDENT
stateless_guest	witness_lookup_by_hash_indexed	0x80003ee4	.text	LINK_DEPENDENT
stateless_guest	witness_codes_lookup_by_hash	0x80003fac	.text	LINK_DEPENDENT
stateless_guest	wcidx_record_ptr	0x80004218	.text	LINK_DEPENDENT
stateless_guest	wcidx_cmp32	0x80004234	.text	LINK_DEPENDENT
stateless_guest	wcidx_swap_records	0x80004274	.text	LINK_DEPENDENT
stateless_guest	wcidx_sift_down	0x800042a4	.text	LINK_DEPENDENT
stateless_guest	witness_codes_index_build	0x800043a0	.text	LINK_DEPENDENT
stateless_guest	witness_codes_lookup_by_hash_indexed	0x80004618	.text	LINK_DEPENDENT
stateless_guest	rlp_field_to_u256_be	0x800046e0	.text	LINK_DEPENDENT
stateless_guest	mpt_node_kind	0x80004790	.text	LINK_DEPENDENT
stateless_guest	mpt_branch_child	0x80004854	.text	LINK_DEPENDENT
stateless_guest	hp_decode_nibbles	0x80004988	.text	LINK_DEPENDENT
stateless_guest	hp_encode_nibbles	0x80004a54	.text	LINK_DEPENDENT
stateless_guest	rlp_encode_bytes	0x80004ac0	.text	LINK_DEPENDENT
stateless_guest	rlp_encode_uint_be	0x80004bf0	.text	LINK_DEPENDENT
stateless_guest	rlp_encode_list_prefix	0x80004c7c	.text	LINK_DEPENDENT
stateless_guest	rlp_item_size	0x80004d34	.text	LINK_DEPENDENT
stateless_guest	rlp_item_span	0x80004dc0	.text	LINK_DEPENDENT
stateless_guest	rlp_walk_init	0x80004e94	.text	LINK_DEPENDENT
stateless_guest	rlp_walk_next	0x80004f68	.text	LINK_DEPENDENT
stateless_guest	rlp_content_to_u64	0x80005104	.text	LINK_DEPENDENT
stateless_guest	rlp_content_to_u256_be	0x8000515c	.text	LINK_DEPENDENT
stateless_guest	mpt_leaf_node_encode_from_nibbles	0x800051c4	.text	LINK_DEPENDENT
stateless_guest	mpt_node_slot_encode	0x800053b8	.text	LINK_DEPENDENT
stateless_guest	bytes_to_nibbles	0x80005448	.text	LINK_DEPENDENT
stateless_guest	u256_from_u64_be	0x8000548c	.text	LINK_DEPENDENT
stateless_guest	u256_mul_u64_be	0x800054d8	.text	LINK_DEPENDENT
stateless_guest	u256_div_u64_be	0x80005638	.text	LINK_DEPENDENT
stateless_guest	u256_is_zero	0x80005678	.text	LINK_DEPENDENT
stateless_guest	u256_add_be	0x8000569c	.text	LINK_DEPENDENT
stateless_guest	u256_sub_be	0x800056e0	.text	LINK_DEPENDENT
stateless_guest	u256_eq	0x80005724	.text	LINK_DEPENDENT
stateless_guest	u256_lt_be	0x8000575c	.text	LINK_DEPENDENT
stateless_guest	withdrawal_decode	0x800057a8	.text	LINK_DEPENDENT
stateless_guest	withdrawal_to_path_delta	0x80005898	.text	LINK_DEPENDENT
stateless_guest	mset_memcpy	0x8000593c	.text	LINK_DEPENDENT
stateless_guest	mpt_splice_slot	0x8000595c	.text	LINK_DEPENDENT
stateless_guest	account_add_balance	0x80005b9c	.text	LINK_DEPENDENT
stateless_guest	mpt_walk	0x80005d4c	.text	LINK_DEPENDENT
stateless_guest	mpt_lookup_by_key	0x80006234	.text	LINK_DEPENDENT
stateless_guest	account_decode	0x800062cc	.text	LINK_DEPENDENT
stateless_guest	account_at_address	0x800064ec	.text	LINK_DEPENDENT
stateless_guest	extcodesize_at_header_state_root	0x800065d8	.text	LINK_DEPENDENT
stateless_guest	node_db_append	0x8000672c	.text	LINK_DEPENDENT
stateless_guest	node_db_lookup	0x800067ec	.text	LINK_DEPENDENT
stateless_guest	mpt_resolve_cache_reset	0x80006870	.text	LINK_DEPENDENT
stateless_guest	mpt_node_resolve	0x80006894	.text	LINK_DEPENDENT
stateless_guest	mpt_set_record_walk_db	0x80006a54	.text	LINK_DEPENDENT
stateless_guest	mpt_set_acc	0x80006e5c	.text	LINK_DEPENDENT
stateless_guest	mpt_delete_walk_db	0x80007040	.text	LINK_DEPENDENT
stateless_guest	mpt_extension_extract	0x80007044	.text	LINK_DEPENDENT
stateless_guest	mpt_delete_acc	0x800071c4	.text	LINK_DEPENDENT
stateless_guest	mpt_state_root	0x80007d9c	.text	LINK_DEPENDENT
stateless_guest	mpt_leaf_extract	0x80007eb8	.text	LINK_DEPENDENT
stateless_guest	mpt_extension_node_encode	0x8000803c	.text	LINK_DEPENDENT
stateless_guest	mpt_insert_walk_db	0x80008228	.text	LINK_DEPENDENT
stateless_guest	mpt_insert_acc	0x80008738	.text	LINK_DEPENDENT
stateless_guest	mpt_state_root_ins	0x800091fc	.text	LINK_DEPENDENT
stateless_guest	mpt_one_leaf_root_indexed	0x800093b0	.text	LINK_DEPENDENT
stateless_guest	withdrawals_state_root	0x80009448	.text	LINK_DEPENDENT
stateless_guest	mpt_indexed_trie_root_one_leaf	0x800095e0	.text	LINK_DEPENDENT
stateless_guest	rlp_prefix_to_buffer	0x800097a4	.text	LINK_DEPENDENT
stateless_guest	mpt_indexed_large_leaf_hash	0x80009810	.text	LINK_DEPENDENT
stateless_guest	mpt_indexed_trie_root_large	0x800099e4	.text	LINK_DEPENDENT
stateless_guest	mpt_indexed_trie_root_small	0x80009cd8	.text	LINK_DEPENDENT
stateless_guest	mpt_indexed_stream_leaf_hash	0x80009ed0	.text	LINK_DEPENDENT
stateless_guest	mpt_indexed_sort_changes	0x8000a0cc	.text	LINK_DEPENDENT
stateless_guest	mpt_indexed_leaf_ref	0x8000a2cc	.text	LINK_DEPENDENT
stateless_guest	mpt_indexed_build_subtree	0x8000a40c	.text	LINK_DEPENDENT
stateless_guest	mpt_indexed_trie_root_bounded	0x8000a6c8	.text	LINK_DEPENDENT
stateless_guest	mpt_indexed_trie_root_bounded_from_values	0x8000a7b8	.text	LINK_DEPENDENT
stateless_guest	header_extract_withdrawals_root	0x8000a928	.text	LINK_DEPENDENT
stateless_guest	block_validate_withdrawals_root_indexed	0x8000ab3c	.text	LINK_DEPENDENT
stateless_guest	validate_header_basic	0x8000ac18	.text	LINK_DEPENDENT
stateless_guest	check_gas_limit	0x8000ac64	.text	LINK_DEPENDENT
stateless_guest	header_validate_post_merge	0x8000aca0	.text	LINK_DEPENDENT
stateless_guest	header_validate_extra_data_length	0x8000ae9c	.text	LINK_DEPENDENT
stateless_guest	amsterdam_blob_gas_price	0x8000aef4	.text	LINK_DEPENDENT
stateless_guest	amsterdam_blob_gas_price_u256	0x8000afd0	.text	LINK_DEPENDENT
stateless_guest	eip1559_calc_base_fee_per_gas	0x8000b0c4	.text	LINK_DEPENDENT
stateless_guest	header_validate_base_fee	0x8000b1f8	.text	LINK_DEPENDENT
stateless_guest	header_validate_excess_blob_gas	0x8000b25c	.text	LINK_DEPENDENT
stateless_guest	validate_header_full	0x8000b378	.text	LINK_DEPENDENT
stateless_guest	header_extended_decode	0x8000b470	.text	LINK_DEPENDENT
stateless_guest	headers_parent_hash	0x8000b728	.text	LINK_DEPENDENT
stateless_guest	header_validate_parent_hash	0x8000b7a8	.text	LINK_DEPENDENT
stateless_guest	validate_header_rlp_pair	0x8000b854	.text	LINK_DEPENDENT
stateless_guest	bhr_rev_le_be	0x8000b90c	.text	LINK_DEPENDENT
stateless_guest	block_header_ssz_to_rlp	0x8000b938	.text	LINK_DEPENDENT
stateless_guest	rlp_bytes_encoded_size	0x8000bec8	.text	LINK_DEPENDENT
stateless_guest	rlp_list_encoded_size	0x8000bf18	.text	LINK_DEPENDENT
stateless_guest	block_rlp_rebuilt_size	0x8000bf4c	.text	LINK_DEPENDENT
stateless_guest	bah_u32le	0x8000c168	.text	LINK_DEPENDENT
stateless_guest	block_access_list_hash_core	0x8000c198	.text	LINK_DEPENDENT
stateless_guest	block_access_list_hash	0x8000c1b0	.text	LINK_DEPENDENT
stateless_guest	block_hash_from_header	0x8000c22c	.text	LINK_DEPENDENT
stateless_guest	execution_requests_hash	0x8000c244	.text	LINK_DEPENDENT
stateless_guest	erh_hash_one	0x8000c460	.text	LINK_DEPENDENT
stateless_guest	step2_verdict	0x8000c4bc	.text	LINK_DEPENDENT
stateless_guest	header_extract_state_root	0x8000c5a8	.text	LINK_DEPENDENT
stateless_guest	eph_u32le	0x8000c6b8	.text	LINK_DEPENDENT
stateless_guest	extract_parent_header_and_state_root	0x8000c6e8	.text	LINK_DEPENDENT
stateless_guest	spw_u32le	0x8000c7d4	.text	LINK_DEPENDENT
stateless_guest	extract_payload_and_withdrawals	0x8000c804	.text	LINK_DEPENDENT
stateless_guest	sws_u32le	0x8000c8f0	.text	LINK_DEPENDENT
stateless_guest	extract_witness_state_section	0x8000c920	.text	LINK_DEPENDENT
stateless_guest	swr_rev_le_be	0x8000c98c	.text	LINK_DEPENDENT
stateless_guest	ssz_withdrawal_to_rlp	0x8000c9b8	.text	LINK_DEPENDENT
stateless_guest	stateless_verdict_from_ssz	0x8000cb20	.text	LINK_DEPENDENT
stateless_guest	single_leaf_trie_root	0x8000cd10	.text	LINK_DEPENDENT
stateless_guest	storage_root_single_slot	0x8000cecc	.text	LINK_DEPENDENT
stateless_guest	account_set_storage_root	0x8000cf6c	.text	LINK_DEPENDENT
stateless_guest	account_apply_storage_slot	0x8000d018	.text	LINK_DEPENDENT
stateless_guest	account_apply_storage_slot_acc	0x8000d140	.text	LINK_DEPENDENT
stateless_guest	swd_read_u64le	0x8000d46c	.text	LINK_DEPENDENT
stateless_guest	swd_write_be32_u64	0x8000d4cc	.text	LINK_DEPENDENT
stateless_guest	swd_write_be8	0x8000d520	.text	LINK_DEPENDENT
stateless_guest	swd_minimal_copy	0x8000d554	.text	LINK_DEPENDENT
stateless_guest	system_write_descriptors	0x8000d5a0	.text	LINK_DEPENDENT
stateless_guest	account_set_uint_field	0x8000d6a8	.text	LINK_DEPENDENT
stateless_guest	account_is_eip161_empty	0x8000d76c	.text	LINK_DEPENDENT
stateless_guest	bal_account_has_state_change	0x8000d91c	.text	LINK_DEPENDENT
stateless_guest	bal_account_path	0x8000d9e0	.text	LINK_DEPENDENT
stateless_guest	bal_account_post_fields	0x8000da58	.text	LINK_DEPENDENT
stateless_guest	baap_delete_single_leaf_storage	0x8000dccc	.text	LINK_DEPENDENT
stateless_guest	bal_account_apply_post_fields	0x8000def0	.text	LINK_DEPENDENT
stateless_guest	bal_account_change_value	0x8000ef7c	.text	LINK_DEPENDENT
stateless_guest	bal_account_change_descriptor	0x8000f054	.text	LINK_DEPENDENT
stateless_guest	bal_account_record_array	0x8000f184	.text	LINK_DEPENDENT
stateless_guest	bal_account_is_modeled_system	0x8000f3f4	.text	LINK_DEPENDENT
stateless_guest	bsr_sys_change	0x8000f4bc	.text	LINK_DEPENDENT
stateless_guest	bsr_beacon_change	0x8000f670	.text	LINK_DEPENDENT
stateless_guest	bsr_apply_modeled_system_post_fields	0x8000fd24	.text	LINK_DEPENDENT
stateless_guest	capture_system_storage_exec_rows	0x8000fe94	.text	LINK_DEPENDENT
stateless_guest	append_modeled_system_storage_tuple_rows	0x8001008c	.text	LINK_DEPENDENT
stateless_guest	record_modeled_eip4788_storage_reads	0x800102f4	.text	LINK_DEPENDENT
stateless_guest	mpt_bounded_sort_changes	0x800103ac	.text	LINK_DEPENDENT
stateless_guest	mpt_bounded_prepare_changes	0x8001058c	.text	LINK_DEPENDENT
stateless_guest	mpt_bounded_capture_branch_refs	0x80010670	.text	LINK_DEPENDENT
stateless_guest	mpt_bounded_resolve_witness	0x8001074c	.text	LINK_DEPENDENT
stateless_guest	mpt_bounded_classify_node	0x800107e0	.text	LINK_DEPENDENT
stateless_guest	mpt_bounded_open_root_frame	0x8001089c	.text	LINK_DEPENDENT
stateless_guest	mpt_bounded_open_child_frame	0x8001094c	.text	LINK_DEPENDENT
stateless_guest	mpt_bounded_invalidate_constructed_cache	0x80010a30	.text	LINK_DEPENDENT
stateless_guest	mpt_bounded_snapshot_constructed_child	0x80010a6c	.text	LINK_DEPENDENT
stateless_guest	mpt_bounded_open_constructed_child_frame	0x80010b9c	.text	LINK_DEPENDENT
stateless_guest	mpt_bounded_node_ref	0x80010cc0	.text	LINK_DEPENDENT
stateless_guest	mpt_bounded_encode_branch	0x80010d70	.text	LINK_DEPENDENT
stateless_guest	mpt_bounded_encode_leaf_ref	0x80010eec	.text	LINK_DEPENDENT
stateless_guest	mpt_bounded_decode_extension	0x80010fc4	.text	LINK_DEPENDENT
stateless_guest	mpt_bounded_decode_leaf	0x80011154	.text	LINK_DEPENDENT
stateless_guest	mpt_bounded_decode_frame_payload	0x800112f0	.text	LINK_DEPENDENT
stateless_guest	mpt_bounded_frame_path_match	0x800113a0	.text	LINK_DEPENDENT
stateless_guest	mpt_bounded_interval_old_prefix	0x80011408	.text	LINK_DEPENDENT
stateless_guest	mpt_bounded_split_leaf_group	0x800114a4	.text	LINK_DEPENDENT
stateless_guest	mpt_bounded_split_leaf	0x80011ad8	.text	LINK_DEPENDENT
stateless_guest	mpt_bounded_split_extension	0x80011dc0	.text	LINK_DEPENDENT
stateless_guest	mpt_bounded_split_extension_group	0x80012118	.text	LINK_DEPENDENT
stateless_guest	mpt_bounded_collapse_branch_leaf	0x800125f4	.text	LINK_DEPENDENT
stateless_guest	mpt_bounded_rebuild_exact_leaf	0x80012894	.text	LINK_DEPENDENT
stateless_guest	mpt_bounded_build_missing_subtree	0x800129b0	.text	LINK_DEPENDENT
stateless_guest	mpt_bounded_rebuild_subtree	0x80012c68	.text	LINK_DEPENDENT
stateless_guest	mpt_bounded_extension_merge_probe	0x80012e88	.text	LINK_DEPENDENT
stateless_guest	mpt_bounded_encode_extension	0x80013220	.text	LINK_DEPENDENT
stateless_guest	mpt_bounded_state_root	0x80013334	.text	LINK_DEPENDENT
stateless_guest	mpt_bounded_storage_root	0x80013354	.text	LINK_DEPENDENT
stateless_guest	mpt_bounded_partition_frame	0x800135dc	.text	LINK_DEPENDENT
stateless_guest	block_state_root_pre_accounts	0x800136c0	.text	LINK_DEPENDENT
stateless_guest	block_state_root	0x80013840	.text	LINK_DEPENDENT
stateless_guest	codes_blockhash_required_headers	0x8001431c	.text	LINK_DEPENDENT
stateless_guest	chain_config_valid	0x8001447c	.text	LINK_DEPENDENT
stateless_guest	public_keys_valid	0x8001464c	.text	LINK_DEPENDENT
stateless_guest	receipt_records_init	0x800147b8	.text	LINK_DEPENDENT
stateless_guest	receipt_records_clear	0x800147cc	.text	LINK_DEPENDENT
stateless_guest	receipt_records_append	0x800147d8	.text	LINK_DEPENDENT
stateless_guest	receipt_records_append_runtime_result	0x80014828	.text	LINK_DEPENDENT
stateless_guest	receipt_record_nth	0x80014848	.text	LINK_DEPENDENT
stateless_guest	block_receipt_records_materialize	0x800148ac	.text	LINK_DEPENDENT
stateless_guest	block_log_window_snapshot	0x80014b54	.text	LINK_DEPENDENT
stateless_guest	block_receipt_logs_materialize	0x80014da8	.text	LINK_DEPENDENT
stateless_guest	log_records_encode_rlp	0x80014f5c	.text	LINK_DEPENDENT
stateless_guest	bloom_add_value	0x80015368	.text	LINK_DEPENDENT
stateless_guest	log_bloom_add	0x8001541c	.text	LINK_DEPENDENT
stateless_guest	logs_list_bloom_add	0x800155c8	.text	LINK_DEPENDENT
stateless_guest	header_extract_receipts_root	0x800156a4	.text	LINK_DEPENDENT
stateless_guest	block_validate_receipts_root_indexed	0x800157dc	.text	LINK_DEPENDENT
stateless_guest	rlp_encode_u64	0x800158b8	.text	LINK_DEPENDENT
stateless_guest	receipt_encode	0x80015984	.text	LINK_DEPENDENT
stateless_guest	receipt_records_encode_no_logs	0x80015b58	.text	LINK_DEPENDENT
stateless_guest	block_validate_logs_bloom	0x80015d50	.text	LINK_DEPENDENT
stateless_guest	receipt_extract_logs_bloom	0x80015e24	.text	LINK_DEPENDENT
stateless_guest	bloom_or_into	0x80015edc	.text	LINK_DEPENDENT
stateless_guest	block_logs_bloom_from_receipts_list	0x80015f14	.text	LINK_DEPENDENT
stateless_guest	block_validate_receipts_consensus_list	0x80016070	.text	LINK_DEPENDENT
stateless_guest	header_extract_logs_bloom	0x8001629c	.text	LINK_DEPENDENT
stateless_guest	bloom_eq	0x80016354	.text	LINK_DEPENDENT
stateless_guest	simple_transfer_intrinsic_gas	0x80016398	.text	LINK_DEPENDENT
stateless_guest	block_verdict	0x8001668c	.text	LINK_DEPENDENT
stateless_guest	block_verdict_mtx_oog_materialize	0x80019db0	.text	LINK_DEPENDENT
stateless_guest	block_verdict_withdrawal_nonstorage_effects	0x8001be78	.text	LINK_DEPENDENT
stateless_guest	rlp_list_count_items	0x8001c094	.text	LINK_DEPENDENT
stateless_guest	tx_type_dispatch	0x8001c37c	.text	LINK_DEPENDENT
stateless_guest	tx_eip4844_decode	0x8001c430	.text	LINK_DEPENDENT
stateless_guest	tx_eip4844_validate_blob_hashes	0x8001c74c	.text	LINK_DEPENDENT
stateless_guest	ssz_tx_list_versioned_hashes_match	0x8001c8b4	.text	LINK_DEPENDENT
stateless_guest	tx_extract_to_address	0x8001cb68	.text	LINK_DEPENDENT
stateless_guest	tx_extract_value	0x8001cdc0	.text	LINK_DEPENDENT
stateless_guest	tx_extract_data_section	0x8001d038	.text	LINK_DEPENDENT
stateless_guest	bgv_u32le	0x8001d2cc	.text	LINK_DEPENDENT
stateless_guest	bgv_u64le	0x8001d2fc	.text	LINK_DEPENDENT
stateless_guest	headers_keccak_array	0x8001d330	.text	LINK_DEPENDENT
stateless_guest	headers_validate_chain	0x8001d3dc	.text	LINK_DEPENDENT
stateless_guest	bal_section_info	0x8001d508	.text	LINK_DEPENDENT
stateless_guest	bal_gas_valid_from_builder	0x8001d5dc	.text	LINK_DEPENDENT
stateless_guest	account_at_header_state_root	0x8001d778	.text	LINK_DEPENDENT
stateless_guest	code_hash_at_header_state_root	0x8001d85c	.text	LINK_DEPENDENT
stateless_guest	bal_code_preimages_valid	0x8001d98c	.text	LINK_DEPENDENT
stateless_guest	bbcv_addr_is_system_contract	0x8001dfd4	.text	LINK_DEPENDENT
stateless_guest	bbcv_addr_eq20	0x8001e064	.text	LINK_DEPENDENT
stateless_guest	bal_addr_is_tx_sender	0x8001e0a0	.text	LINK_DEPENDENT
stateless_guest	bal_codes_contains_push20_extcodehash	0x8001e1ec	.text	LINK_DEPENDENT
stateless_guest	bal_codes_contains_push20_code_read	0x8001e2f0	.text	LINK_DEPENDENT
stateless_guest	bal_codes_contains_push20_balance	0x8001e3fc	.text	LINK_DEPENDENT
stateless_guest	bal_codes_contains_push20_selfdestruct	0x8001e54c	.text	LINK_DEPENDENT
stateless_guest	bal_codes_contains_address_selfdestruct	0x8001e650	.text	LINK_DEPENDENT
stateless_guest	bal_codes_contains_push20_call_target	0x8001e748	.text	LINK_DEPENDENT
stateless_guest	bal_codes_contains_delegation_marker_target	0x8001e87c	.text	LINK_DEPENDENT
stateless_guest	bal_call_target_delegated_code_valid	0x8001e970	.text	LINK_DEPENDENT
stateless_guest	bbcv_bal_contains_addr	0x8001eb70	.text	LINK_DEPENDENT
stateless_guest	bal_same_block_delegation_code_resolve	0x8001ec60	.text	LINK_DEPENDENT
stateless_guest	bal_txs_contains_push20_selfdestruct	0x8001f110	.text	LINK_DEPENDENT
stateless_guest	bal_txs_contains_create_collision_touch	0x8001f304	.text	LINK_DEPENDENT
stateless_guest	bal_txs_contains_top_create2_collision_touch	0x8001f6f8	.text	LINK_DEPENDENT
stateless_guest	bal_tx_initcode_contains_create2_target	0x8001fa70	.text	LINK_DEPENDENT
stateless_guest	bal_account_code_at_or_before	0x8001fbf4	.text	LINK_DEPENDENT
stateless_guest	bal_contains_internal_create_collision_touch	0x8001fd60	.text	LINK_DEPENDENT
stateless_guest	bal_contains_internal_create2_collision_touch	0x8001ff78	.text	LINK_DEPENDENT
stateless_guest	bal_codes_find_create2_push4_salt	0x80020160	.text	LINK_DEPENDENT
stateless_guest	bal_try_create2_initcodes	0x800202bc	.text	LINK_DEPENDENT
stateless_guest	bal_codes_contains_create_opcode	0x800203f0	.text	LINK_DEPENDENT
stateless_guest	account_extract_balance	0x800204b8	.text	LINK_DEPENDENT
stateless_guest	account_extract_nonce	0x80020544	.text	LINK_DEPENDENT
stateless_guest	tx_gas_sender_bal_lookup	0x800205a0	.text	LINK_DEPENDENT
stateless_guest	stage_runtime_payload	0x80020880	.text	LINK_DEPENDENT
stateless_guest	stage_creation_runtime_payload	0x800209f4	.text	LINK_DEPENDENT
stateless_guest	block_verdict_creation_runtime	0x80020b94	.text	LINK_DEPENDENT
stateless_guest	slot_decode_u256	0x80021594	.text	LINK_DEPENDENT
stateless_guest	slot_at_index	0x80021614	.text	LINK_DEPENDENT
stateless_guest	slot_at_header_state_root	0x800216ac	.text	LINK_DEPENDENT
stateless_guest	code_at_header_state_root	0x800217ac	.text	LINK_DEPENDENT
stateless_guest	bytecode_is_self_contained	0x8002189c	.text	LINK_DEPENDENT
stateless_guest	bal_find_account_by_address	0x800218e4	.text	LINK_DEPENDENT
stateless_guest	bal_recipient_storage_keys	0x80021a18	.text	LINK_DEPENDENT
stateless_guest	bal_recipient_storage_reads_keys	0x80021be8	.text	LINK_DEPENDENT
stateless_guest	stage_runtime_payload_code	0x80021da4	.text	LINK_DEPENDENT
stateless_guest	stage_runtime_payload_witness_context	0x8002216c	.text	LINK_DEPENDENT
stateless_guest	bv_emit_single_tx_tl7708	0x800221fc	.text	LINK_DEPENDENT
stateless_guest	dtrc_materialize_deferred_delegation	0x8002237c	.text	LINK_DEPENDENT
stateless_guest	dtrc_charge_deferred_delegation	0x80022564	.text	LINK_DEPENDENT
stateless_guest	dispatcher_capture_body_state	0x800225c0	.text	LINK_DEPENDENT
stateless_guest	dispatcher_restore_body_state	0x8002269c	.text	LINK_DEPENDENT
stateless_guest	dispatch_tx_runtime_code	0x80022780	.text	LINK_DEPENDENT
stateless_guest	tx_access_list_span	0x80023b04	.text	LINK_DEPENDENT
stateless_guest	tx_eip2930_decode	0x80023ca4	.text	LINK_DEPENDENT
stateless_guest	tx_eip1559_decode	0x80023ee4	.text	LINK_DEPENDENT
stateless_guest	tx_eip7702_decode	0x8002414c	.text	LINK_DEPENDENT
stateless_guest	evm_storage_access_seed_key	0x800243d8	.text	LINK_DEPENDENT
stateless_guest	seed_tx_access_list	0x800244ec	.text	LINK_DEPENDENT
stateless_guest	secf_copy32	0x800247f4	.text	LINK_DEPENDENT
stateless_guest	secf_zero32	0x80024818	.text	LINK_DEPENDENT
stateless_guest	secf_be_to_le	0x8002482c	.text	LINK_DEPENDENT
stateless_guest	secf_le_to_be	0x8002487c	.text	LINK_DEPENDENT
stateless_guest	secf_get_bit_lsb	0x800248c8	.text	LINK_DEPENDENT
stateless_guest	secf_is_zero32	0x800248ec	.text	LINK_DEPENDENT
stateless_guest	secf_eq32	0x8002491c	.text	LINK_DEPENDENT
stateless_guest	secf_reduce_once	0x80024958	.text	LINK_DEPENDENT
stateless_guest	secf_add_mod_p	0x800249d8	.text	LINK_DEPENDENT
stateless_guest	secf_mul_mod_p	0x80024a64	.text	LINK_DEPENDENT
stateless_guest	secf_square_mod_p	0x80024acc	.text	LINK_DEPENDENT
stateless_guest	secf_pow_mod_p	0x80024ad4	.text	LINK_DEPENDENT
stateless_guest	secf_sqrt_mod_p	0x80024b9c	.text	LINK_DEPENDENT
stateless_guest	secf_reduce_once_n	0x80024cc4	.text	LINK_DEPENDENT
stateless_guest	secf_mul_mod_n	0x80024d44	.text	LINK_DEPENDENT
stateless_guest	secf_square_mod_n	0x80024dac	.text	LINK_DEPENDENT
stateless_guest	secf_pow_mod_n	0x80024db4	.text	LINK_DEPENDENT
stateless_guest	secf_inv_mod_n	0x80024e7c	.text	LINK_DEPENDENT
stateless_guest	secp256k1_point_double	0x80024ee4	.text	LINK_DEPENDENT
stateless_guest	secp256k1_point_add	0x80024f8c	.text	LINK_DEPENDENT
stateless_guest	secp256k1_point_copy64	0x800250e0	.text	LINK_DEPENDENT
stateless_guest	secp256k1_point_zero64	0x80025104	.text	LINK_DEPENDENT
stateless_guest	secp256k1_scalar_mul	0x80025120	.text	LINK_DEPENDENT
stateless_guest	secp256k1_recover_r	0x8002522c	.text	LINK_DEPENDENT
stateless_guest	secp256k1_recover_pubkey_staged	0x80025354	.text	LINK_DEPENDENT
stateless_guest	bal_addr_to_exec_log_key	0x800254a8	.text	LINK_DEPENDENT
stateless_guest	seed_callee_storage	0x800254e8	.text	LINK_DEPENDENT
stateless_guest	bal_storage_change_values	0x80025d70	.text	LINK_DEPENDENT
stateless_guest	bal_storage_matches_exec_log	0x80025fd0	.text	LINK_DEPENDENT
stateless_guest	bal_storage_covers_exec_log	0x80026438	.text	LINK_DEPENDENT
stateless_guest	bal_all_accounts_storage_consistent_skip_list	0x80026a40	.text	LINK_DEPENDENT
stateless_guest	bal_slot_tuple_sequence	0x80026bc0	.text	LINK_DEPENDENT
stateless_guest	exec_log_slot_tuples	0x80026ebc	.text	LINK_DEPENDENT
stateless_guest	system_user_exec_log_slot_tuples	0x800271b4	.text	LINK_DEPENDENT
stateless_guest	storage_writes_block_latest_value	0x800274a0	.text	LINK_DEPENDENT
stateless_guest	slot_tuple_sequences_match	0x800275e8	.text	LINK_DEPENDENT
stateless_guest	account_tuple_sequences_consistent	0x8002765c	.text	LINK_DEPENDENT
stateless_guest	bal_all_accounts_tuple_sequences_consistent	0x80027928	.text	LINK_DEPENDENT
stateless_guest	bal_all_accounts_tuple_sequences_consistent_skip_list	0x80027930	.text	LINK_DEPENDENT
stateless_guest	exec_log_addr_to_bal_canonical	0x80027aa0	.text	LINK_DEPENDENT
stateless_guest	storage_read_record	0x80027ad0	.text	LINK_DEPENDENT
stateless_guest	storage_read_record_block	0x80027c5c	.text	LINK_DEPENDENT
stateless_guest	storage_write_record	0x80027dd0	.text	LINK_DEPENDENT
stateless_guest	destroy_storage	0x8002800c	.text	LINK_DEPENDENT
stateless_guest	storage_writes_block_upsert	0x80028194	.text	LINK_DEPENDENT
stateless_guest	write_sets_incorporate_tx	0x800282f8	.text	LINK_DEPENDENT
stateless_guest	write_sets_discard_tx	0x800283b0	.text	LINK_DEPENDENT
stateless_guest	storage_writes_undo_push	0x800283d8	.text	LINK_DEPENDENT
stateless_guest	write_sets_restore_frame	0x800284d0	.text	LINK_DEPENDENT
stateless_guest	account_write_record	0x80028610	.text	LINK_DEPENDENT
stateless_guest	account_writes_block_upsert	0x8002883c	.text	LINK_DEPENDENT
stateless_guest	account_writes_emit_builder_tx	0x800289f0	.text	LINK_DEPENDENT
stateless_guest	account_writes_incorporate_tx	0x80028f80	.text	LINK_DEPENDENT
stateless_guest	account_writes_undo_push	0x8002900c	.text	LINK_DEPENDENT
stateless_guest	account_writes_restore_frame	0x8002912c	.text	LINK_DEPENDENT
stateless_guest	account_resolve_pre_state	0x80029230	.text	LINK_DEPENDENT
stateless_guest	bal_canonical_sort	0x800293f8	.text	LINK_DEPENDENT
stateless_guest	keccak_init	0x80029644	.text	LINK_DEPENDENT
stateless_guest	keccak_absorb	0x80029660	.text	LINK_DEPENDENT
stateless_guest	keccak_final	0x800296d4	.text	LINK_DEPENDENT
stateless_guest	bal_rlp_scalar_len	0x80029724	.text	LINK_DEPENDENT
stateless_guest	bal_rlp_emit_scalar	0x80029750	.text	LINK_DEPENDENT
stateless_guest	bal_rlp_emit_address	0x80029830	.text	LINK_DEPENDENT
stateless_guest	bal_rlp_measure_into_throwaway	0x800298b0	.text	LINK_DEPENDENT
stateless_guest	bal_rlp_emit_bytes	0x800298e0	.text	LINK_DEPENDENT
stateless_guest	bal_rlp_emit_list_header	0x80029a20	.text	LINK_DEPENDENT
stateless_guest	bal_rlp_scalar_rlp_len	0x80029ae4	.text	LINK_DEPENDENT
stateless_guest	bal_rlp_list_header_len	0x80029b38	.text	LINK_DEPENDENT
stateless_guest	bal_serializer_addr_matches	0x80029b68	.text	LINK_DEPENDENT
stateless_guest	bal_serializer_addr_matches_be	0x80029ba8	.text	LINK_DEPENDENT
stateless_guest	bal_serializer_slot_eq	0x80029be0	.text	LINK_DEPENDENT
stateless_guest	bal_serializer_slot_written	0x80029c20	.text	LINK_DEPENDENT
stateless_guest	bal_serializer_slot_seen_before	0x80029cdc	.text	LINK_DEPENDENT
stateless_guest	bal_serializer_u64_to_field	0x80029d80	.text	LINK_DEPENDENT
stateless_guest	bal_serializer_measure_reads	0x80029d98	.text	LINK_DEPENDENT
stateless_guest	bal_serializer_slot_to_le	0x80029e68	.text	LINK_DEPENDENT
stateless_guest	bal_serializer_balance_to_le	0x80029e98	.text	LINK_DEPENDENT
stateless_guest	bal_serializer_measure_slot	0x80029ec8	.text	LINK_DEPENDENT
stateless_guest	bal_serializer_measure_storage	0x80029fd4	.text	LINK_DEPENDENT
stateless_guest	bal_serializer_measure_balance	0x8002a0b4	.text	LINK_DEPENDENT
stateless_guest	bal_serializer_measure_nonce	0x8002a190	.text	LINK_DEPENDENT
stateless_guest	bal_serializer_measure_code	0x8002a278	.text	LINK_DEPENDENT
stateless_guest	bal_serializer_measure_account	0x8002a368	.text	LINK_DEPENDENT
stateless_guest	bal_serializer_emit_storage	0x8002a44c	.text	LINK_DEPENDENT
stateless_guest	bal_serializer_emit_reads	0x8002a62c	.text	LINK_DEPENDENT
stateless_guest	bal_serializer_emit_balance	0x8002a6f4	.text	LINK_DEPENDENT
stateless_guest	bal_serializer_emit_nonce	0x8002a838	.text	LINK_DEPENDENT
stateless_guest	bal_serializer_emit_code	0x8002a9b0	.text	LINK_DEPENDENT
stateless_guest	bal_serializer_emit_account	0x8002aae4	.text	LINK_DEPENDENT
stateless_guest	bal_serializer_measure_outer	0x8002ac10	.text	LINK_DEPENDENT
stateless_guest	bal_serializer_emit_outer	0x8002aca0	.text	LINK_DEPENDENT
stateless_guest	bal_serializer_rebuild_hash	0x8002ad48	.text	LINK_DEPENDENT
stateless_guest	bal_serializer_verify	0x8002af10	.text	LINK_DEPENDENT
stateless_guest	bal_builder_ensure_account	0x8002afa8	.text	LINK_DEPENDENT
stateless_guest	bal_builder_incorporate_touched_accounts	0x8002b0b4	.text	LINK_DEPENDENT
stateless_guest	bal_builder_record_storage_change	0x8002b114	.text	LINK_DEPENDENT
stateless_guest	bal_emit_storage_changes	0x8002b2dc	.text	LINK_DEPENDENT
stateless_guest	bal_builder_append_balance	0x8002b5bc	.text	LINK_DEPENDENT
stateless_guest	bal_builder_append_nonce	0x8002b6a4	.text	LINK_DEPENDENT
stateless_guest	bal_builder_append_code	0x8002b780	.text	LINK_DEPENDENT
stateless_guest	account_read_record	0x8002b858	.text	LINK_DEPENDENT
stateless_guest	account_at_header_state_root_tracked	0x8002b978	.text	LINK_DEPENDENT
stateless_guest	code_read_record	0x8002b9cc	.text	LINK_DEPENDENT
stateless_guest	code_read_fetch	0x8002bb28	.text	LINK_DEPENDENT
stateless_guest	read_sets_merge_one	0x8002bbd4	.text	LINK_DEPENDENT
stateless_guest	read_sets_incorporate_tx	0x8002bcf8	.text	LINK_DEPENDENT
stateless_guest	read_sets_discard_tx	0x8002bdcc	.text	LINK_DEPENDENT
stateless_guest	stage_blockhash_m29	0x8002bdf4	.text	LINK_DEPENDENT
stateless_guest	blockhash_from_witness_headers	0x8002bf1c	.text	LINK_DEPENDENT
stateless_guest	header_extract_number	0x8002c050	.text	LINK_DEPENDENT
stateless_guest	bal_all_accounts_nonstorage_consistent	0x8002c070	.text	LINK_DEPENDENT
stateless_guest	bal_account_nonstorage_consistent	0x8002c30c	.text	LINK_DEPENDENT
stateless_guest	bal_account_nonstorage_finals	0x8002c408	.text	LINK_DEPENDENT
stateless_guest	bal_all_accounts_nonstorage_covers	0x8002c708	.text	LINK_DEPENDENT
stateless_guest	bti_scan_tuples	0x8002c948	.text	LINK_DEPENDENT
stateless_guest	bti_scan_storage_changes	0x8002ca48	.text	LINK_DEPENDENT
stateless_guest	bal_txs_independent	0x8002cb08	.text	LINK_DEPENDENT
stateless_guest	brpsf_addr20_eq	0x8002ccd0	.text	LINK_DEPENDENT
stateless_guest	bal_storage_whitelist_clean	0x8002cd04	.text	LINK_DEPENDENT
stateless_guest	multi_tx_nth_context	0x8002ce78	.text	LINK_DEPENDENT
stateless_guest	eip8037_tx_state_gas	0x8002d0a8	.text	LINK_DEPENDENT
stateless_guest	tx_intrinsic_state_gas	0x8002d0b8	.text	LINK_DEPENDENT
stateless_guest	block_verdict_eip8037_tx_state_gas_net_array	0x8002d190	.text	LINK_DEPENDENT
stateless_guest	eip8037_block_gas_used	0x8002d210	.text	LINK_DEPENDENT
stateless_guest	tx_extract_nonce_and_gas	0x8002d29c	.text	LINK_DEPENDENT
stateless_guest	tx_extract_gas_pricing	0x8002d4b4	.text	LINK_DEPENDENT
stateless_guest	u256_min	0x8002d6a8	.text	LINK_DEPENDENT
stateless_guest	priority_fee_per_gas_eip1559	0x8002d708	.text	LINK_DEPENDENT
stateless_guest	tx_effective_gas_pricing	0x8002d77c	.text	LINK_DEPENDENT
stateless_guest	account_charge_gas_pre_exec	0x8002d88c	.text	LINK_DEPENDENT
stateless_guest	tx_upfront_precharge	0x8002d908	.text	LINK_DEPENDENT
stateless_guest	tx_gas_bal_post_verify	0x8002da3c	.text	LINK_DEPENDENT
stateless_guest	bv_sum_withdrawals_to_address	0x8002e0c0	.text	LINK_DEPENDENT
stateless_guest	access_list_count	0x8002e1e4	.text	LINK_DEPENDENT
stateless_guest	intrinsic_gas_amsterdam_counts	0x8002e344	.text	LINK_DEPENDENT
stateless_guest	eip8037_state_used_before_tx	0x8002e46c	.text	LINK_DEPENDENT
stateless_guest	eip8037_prior_state_used_exact	0x8002e7e4	.text	LINK_DEPENDENT
stateless_guest	eip8037_tx_gas_gate	0x8002e890	.text	LINK_DEPENDENT
stateless_guest	tx_gas_result_increments	0x8002f188	.text	LINK_DEPENDENT
stateless_guest	multi_tx_running_sender_balance_step	0x8002f1f0	.text	LINK_DEPENDENT
stateless_guest	sender_debit_from_gas	0x8002f328	.text	LINK_DEPENDENT
stateless_guest	tx_gas_bal_post_verify_runtime	0x8002f38c	.text	LINK_DEPENDENT
stateless_guest	sender_post_nonce_consistent	0x8002f8a8	.text	LINK_DEPENDENT
stateless_guest	eip7778_remaining_block_gas_check	0x8002f908	.text	LINK_DEPENDENT
stateless_guest	eip7778_remaining_block_gas_from_results	0x8002f9a8	.text	LINK_DEPENDENT
stateless_guest	block_verdict_tx_gas_limits	0x8002fad0	.text	LINK_DEPENDENT
stateless_guest	eip7702_authorization_extract_signature	0x8002fd50	.text	LINK_DEPENDENT
stateless_guest	eip7702_authorization_signing_hash	0x8002fea8	.text	LINK_DEPENDENT
stateless_guest	eip7702_authorization_recover_address	0x8002fecc	.text	LINK_DEPENDENT
stateless_guest	eip7702_warm_recovered_authorities	0x80030060	.text	LINK_DEPENDENT
stateless_guest	eip7702_authority_asof	0x800301f0	.text	LINK_DEPENDENT
stateless_guest	eip7702_auth_state_prepare	0x80030400	.text	LINK_DEPENDENT
stateless_guest	block_verdict_tx_state_gas_inline_prepare	0x80030b50	.text	LINK_DEPENDENT
stateless_guest	block_verdict_tx_state_gas_inline_finalize	0x80030c90	.text	LINK_DEPENDENT
stateless_guest	eip7702_auth_nonstorage_effects	0x80030d50	.text	LINK_DEPENDENT
stateless_guest	block_verdict_eip7702_auth_nonstorage_effects_array	0x80031240	.text	LINK_DEPENDENT
stateless_guest	eip7702_authority_state_materialize	0x80031360	.text	LINK_DEPENDENT
stateless_guest	eas_write_entry	0x800315f4	.text	LINK_DEPENDENT
stateless_guest	block_verdict_gas_result_arena_prepare	0x8003174c	.text	LINK_DEPENDENT
stateless_guest	b1_sender_count_table	0x800319b8	.text	LINK_DEPENDENT
stateless_guest	b1sc_write_entry	0x80031c54	.text	LINK_DEPENDENT
stateless_guest	b1_sender_table_find	0x80031c8c	.text	LINK_DEPENDENT
stateless_guest	address_from_pubkey	0x80031d48	.text	LINK_DEPENDENT
stateless_guest	address_compute_create	0x80031d9c	.text	LINK_DEPENDENT
stateless_guest	address_compute_create2	0x80031f00	.text	LINK_DEPENDENT
stateless_guest	enrg_u32le	0x80032004	.text	LINK_DEPENDENT
stateless_guest	dispatcher_capture_exec_state_gas	0x80032030	.text	LINK_DEPENDENT
stateless_guest	rlp_list_truncate_to_n_fields	0x80032054	.text	LINK_DEPENDENT
stateless_guest	tx_legacy_extract_signature	0x800321a4	.text	LINK_DEPENDENT
stateless_guest	tx_eip2930_extract_signature	0x80032338	.text	LINK_DEPENDENT
stateless_guest	tx_eip1559_extract_signature	0x800324f4	.text	LINK_DEPENDENT
stateless_guest	tx_eip4844_extract_signature	0x800326c4	.text	LINK_DEPENDENT
stateless_guest	tx_eip7702_extract_signature	0x800328bc	.text	LINK_DEPENDENT
stateless_guest	tx_signing_hash	0x80032aa0	.text	LINK_DEPENDENT
stateless_guest	tx_signing_hash_legacy_eip155	0x80032c14	.text	LINK_DEPENDENT
stateless_guest	tx_pubkey_signature_material	0x80032df4	.text	LINK_DEPENDENT
stateless_guest	tx_pubkey_ecrecover_stage_material	0x800331c8	.text	LINK_DEPENDENT
stateless_guest	tx_pubkey_recover_raw	0x80033278	.text	LINK_DEPENDENT
stateless_guest	tx_pubkey_public_key_matches	0x80033324	.text	LINK_DEPENDENT
stateless_guest	verify_public_keys_match_senders	0x800333e4	.text	LINK_DEPENDENT
stateless_guest	block_verdict_chain_id_gate	0x80033518	.text	LINK_DEPENDENT
stateless_guest	stateless_verdict_v2	0x80033798	.text	LINK_DEPENDENT
stateless_guest	block_verdict_deferred_system_requests	0x80033d00	.text	LINK_DEPENDENT
stateless_guest	runtime_dispatcher_prepare_only	0x80034e70	.text	LINK_DEPENDENT
stateless_guest	runtime_dispatcher_prepare_only_return	0x80034e94	.text	LINK_DEPENDENT
stateless_guest	runtime_dispatcher_call	0x80034eb0	.text	LINK_DEPENDENT
stateless_guest	.preload_expand_loop	0x80035178	.text	LINK_DEPENDENT
stateless_guest	.preload_expand_done	0x800351f8	.text	LINK_DEPENDENT
stateless_guest	.blob_hash_count_ok	0x8003522c	.text	LINK_DEPENDENT
stateless_guest	.blob_hash_copy_loop	0x8003523c	.text	LINK_DEPENDENT
stateless_guest	.blob_hash_copy_done	0x80035270	.text	LINK_DEPENDENT
stateless_guest	.blockhash_count_ok	0x80035288	.text	LINK_DEPENDENT
stateless_guest	.blockhash_copy_loop	0x80035298	.text	LINK_DEPENDENT
stateless_guest	.blockhash_copy_done	0x800352cc	.text	LINK_DEPENDENT
stateless_guest	.env_trailer_copy_loop	0x800352d4	.text	LINK_DEPENDENT
stateless_guest	.retag_preload_loop	0x80035320	.text	LINK_DEPENDENT
stateless_guest	.retag_preload_done	0x80035350	.text	LINK_DEPENDENT
stateless_guest	.runtime_tx_gas_no_create	0x800353c0	.text	LINK_DEPENDENT
stateless_guest	.runtime_tx_gas_self_cmp	0x800353cc	.text	LINK_DEPENDENT
stateless_guest	.runtime_tx_gas_not_self	0x800353f4	.text	LINK_DEPENDENT
stateless_guest	.runtime_tx_gas_recipient_done	0x80035434	.text	LINK_DEPENDENT
stateless_guest	.runtime_tx_gas_data_loop	0x80035464	.text	LINK_DEPENDENT
stateless_guest	.runtime_tx_gas_data_span_ready	0x80035464	.text	LINK_DEPENDENT
stateless_guest	.runtime_tx_gas_zero_byte	0x8003547c	.text	LINK_DEPENDENT
stateless_guest	.runtime_tx_gas_data_step	0x80035484	.text	LINK_DEPENDENT
stateless_guest	.runtime_tx_gas_create_words	0x80035490	.text	LINK_DEPENDENT
stateless_guest	.runtime_tx_gas_access_list	0x800354a8	.text	LINK_DEPENDENT
stateless_guest	.runtime_tx_gas_addr_loop	0x800354c0	.text	LINK_DEPENDENT
stateless_guest	.runtime_tx_gas_access_slots	0x800354d4	.text	LINK_DEPENDENT
stateless_guest	.runtime_tx_gas_slot_loop	0x800354f4	.text	LINK_DEPENDENT
stateless_guest	.runtime_tx_gas_check	0x80035508	.text	LINK_DEPENDENT
stateless_guest	.runtime_tx_auth_regular_charge_done	0x80035534	.text	LINK_DEPENDENT
stateless_guest	.runtime_tx_gas_no_reservoir	0x8003557c	.text	LINK_DEPENDENT
stateless_guest	.runtime_tx_auth_checkpoint_done	0x800355d8	.text	LINK_DEPENDENT
stateless_guest	.runtime_tx_auth_phase_oog	0x80035688	.text	LINK_DEPENDENT
stateless_guest	.runtime_tx_auth_exec_done	0x8003569c	.text	LINK_DEPENDENT
stateless_guest	.runtime_tx_auth_state_spill	0x800356fc	.text	LINK_DEPENDENT
stateless_guest	.runtime_tx_auth_state_refund_done	0x8003570c	.text	LINK_DEPENDENT
stateless_guest	.runtime_tx_auth_state_used_done	0x80035718	.text	LINK_DEPENDENT
stateless_guest	.runtime_tx_create_state_spill	0x80035748	.text	LINK_DEPENDENT
stateless_guest	.runtime_tx_create_state_used	0x80035770	.text	LINK_DEPENDENT
stateless_guest	.runtime_tx_create_state_done	0x80035784	.text	LINK_DEPENDENT
stateless_guest	.runtime_tx_gas_done	0x800357b4	.text	LINK_DEPENDENT
stateless_guest	.runtime_tx_prepare_prefix_continue	0x800357b4	.text	LINK_DEPENDENT
stateless_guest	.runtime_tx_top_frame_regular_done	0x800357d8	.text	LINK_DEPENDENT
stateless_guest	.runtime_tx_post_top_frame_done	0x80035878	.text	LINK_DEPENDENT
stateless_guest	.runtime_tx_top_level_message_d0_done	0x80035888	.text	LINK_DEPENDENT
stateless_guest	.runtime_tx_shared_message_body	0x80035898	.text	LINK_DEPENDENT
stateless_guest	.dispatch_loop	0x80035a78	.text	LINK_DEPENDENT
stateless_guest	.runtime_tx_child_message_entry	0x80035bdc	.text	LINK_DEPENDENT
stateless_guest	balance_at_header_state_root	0x80035c3c	.text	LINK_DEPENDENT
stateless_guest	nonce_at_header_state_root	0x80035d90	.text	LINK_DEPENDENT
stateless_guest	account_exists_at_header_state_root	0x80035e64	.text	LINK_DEPENDENT
stateless_guest	account_is_empty_at_header_state_root	0x80035f3c	.text	LINK_DEPENDENT
stateless_guest	extcodehash_at_header_state_root	0x8003607c	.text	LINK_DEPENDENT
stateless_guest	extcodecopy_at_header_state_root	0x800361dc	.text	LINK_DEPENDENT
stateless_guest	runtime_same_block_delegation_code	0x800363c0	.text	LINK_DEPENDENT
stateless_guest	has_code_or_nonce_at_header_state_root	0x800366ac	.text	LINK_DEPENDENT
stateless_guest	create_stage_initcode_frame	0x80036804	.text	LINK_DEPENDENT
stateless_guest	create_execute_initcode_frame	0x8003691c	.text	LINK_DEPENDENT
stateless_guest	create_deployed_code_valid	0x80036c20	.text	LINK_DEPENDENT
stateless_guest	create_record_code_effect	0x80036c48	.text	LINK_DEPENDENT
stateless_guest	find_code_effect_by_address	0x80036df0	.text	LINK_DEPENDENT
stateless_guest	account_state_find	0x80036e50	.text	LINK_DEPENDENT
stateless_guest	account_state_copy	0x80036ed0	.text	LINK_DEPENDENT
stateless_guest	account_state_append_pending	0x80036ef8	.text	LINK_DEPENDENT
stateless_guest	account_state_upsert_durable	0x80036f60	.text	LINK_DEPENDENT
stateless_guest	code_state_final_balance_nonzero	0x80037008	.text	LINK_DEPENDENT
stateless_guest	account_state_commit_pending	0x80037168	.text	LINK_DEPENDENT
stateless_guest	account_state_promote_delete_reads	0x800373b8	.text	LINK_DEPENDENT
stateless_guest	account_state_record_nonstorage	0x80037464	.text	LINK_DEPENDENT
stateless_guest	account_state_record_code	0x800375e4	.text	LINK_DEPENDENT
stateless_guest	account_state_record_auth	0x8003772c	.text	LINK_DEPENDENT
stateless_guest	account_state_publish_sender_inclusion	0x80037884	.text	LINK_DEPENDENT
stateless_guest	account_state_auth_current	0x80037984	.text	LINK_DEPENDENT
stateless_guest	account_state_latest_balance	0x80037a58	.text	LINK_DEPENDENT
stateless_guest	account_state_latest_nonce	0x80037b38	.text	LINK_DEPENDENT
stateless_guest	account_state_lookup_current	0x80037c00	.text	LINK_DEPENDENT
stateless_guest	account_state_created_contains	0x80037cd8	.text	LINK_DEPENDENT
stateless_guest	code_state_lookup_current	0x80037d40	.text	LINK_DEPENDENT
stateless_guest	code_state_address_set_insert	0x80037d44	.text	LINK_DEPENDENT
stateless_guest	code_state_address_set_flag	0x80037dfc	.text	LINK_DEPENDENT
stateless_guest	create_creator_nonce_use	0x80037e70	.text	LINK_DEPENDENT
stateless_guest	create_creator_nonce_undo_to	0x80038034	.text	LINK_DEPENDENT
stateless_guest	create_creator_nonce_current	0x800380a4	.text	LINK_DEPENDENT
stateless_guest	create_creator_nonce_seed_one	0x8003811c	.text	LINK_DEPENDENT
stateless_guest	create_creator_nonce_contains	0x800382cc	.text	LINK_DEPENDENT
stateless_guest	modexp_be_to_le	0x80038348	.text	LINK_DEPENDENT
stateless_guest	modexp_le_to_be	0x80038398	.text	LINK_DEPENDENT
stateless_guest	modexp_iszero	0x800383e8	.text	LINK_DEPENDENT
stateless_guest	modexp_cmpge	0x80038418	.text	LINK_DEPENDENT
stateless_guest	modexp_sub	0x8003845c	.text	LINK_DEPENDENT
stateless_guest	modexp_mul	0x800384a0	.text	LINK_DEPENDENT
stateless_guest	modexp_binmod	0x80038550	.text	LINK_DEPENDENT
stateless_guest	zkvm_modexp	0x800386ac	.text	LINK_DEPENDENT
stateless_guest	zkvm_ripemd160	0x800389a8	.text	LINK_DEPENDENT
stateless_guest	ripemd_compress	0x80038b84	.text	LINK_DEPENDENT
stateless_guest	ripemd_line160	0x80038c30	.text	LINK_DEPENDENT
stateless_guest	evm_storage_access_charge_key	0x80038da8	.text	LINK_DEPENDENT
stateless_guest	sstore_gas_refund_outcome	0x80038f74	.text	LINK_DEPENDENT
stateless_guest	dispatcher_tx_gas_settle	0x800390a8	.text	LINK_DEPENDENT
stateless_guest	runtime_access_account_seed	0x8003914c	.text	LINK_DEPENDENT
stateless_guest	runtime_access_seed_initial_accounts	0x80039228	.text	LINK_DEPENDENT
stateless_guest	runtime_access_account_charge	0x80039378	.text	LINK_DEPENDENT
stateless_guest	selfdestruct_balance_transfer	0x80039554	.text	LINK_DEPENDENT
stateless_guest	eip7708_append_synthetic_log	0x80039704	.text	LINK_DEPENDENT
stateless_guest	eip7708_append_transfer_log	0x800398e8	.text	LINK_DEPENDENT
stateless_guest	eip7708_append_burn_log	0x8003993c	.text	LINK_DEPENDENT
stateless_guest	dispatcher_reemit_pending_tl	0x80039984	.text	LINK_DEPENDENT
stateless_guest	dispatcher_seed_pending_upfront_sender_balance	0x80039a58	.text	LINK_DEPENDENT
stateless_guest	dispatcher_seed_pending_value_transfer	0x80039b64	.text	LINK_DEPENDENT
stateless_guest	record_message_value_transfer	0x80039d18	.text	LINK_DEPENDENT
stateless_guest	blsf_copy_quads	0x80039e34	.text	LINK_DEPENDENT
stateless_guest	blsg_be_to_le	0x80039e54	.text	LINK_DEPENDENT
stateless_guest	blsg_le_to_be	0x80039ea4	.text	LINK_DEPENDENT
stateless_guest	blsg_is_zero_n	0x80039ef0	.text	LINK_DEPENDENT
stateless_guest	blsg_eq48	0x80039f20	.text	LINK_DEPENDENT
stateless_guest	blsg_lt_p	0x80039f5c	.text	LINK_DEPENDENT
stateless_guest	blsg_copy96	0x80039fa0	.text	LINK_DEPENDENT
stateless_guest	blsg_zero96	0x80039fc0	.text	LINK_DEPENDENT
stateless_guest	blsg_mul_mod_p	0x80039fd8	.text	LINK_DEPENDENT
stateless_guest	blsg_add_mod_p	0x8003a040	.text	LINK_DEPENDENT
stateless_guest	blsg_point_dbl	0x8003a0a8	.text	LINK_DEPENDENT
stateless_guest	blsg_point_add	0x8003a14c	.text	LINK_DEPENDENT
stateless_guest	blsg_le_dbl	0x8003a290	.text	LINK_DEPENDENT
stateless_guest	blsg_le_add	0x8003a314	.text	LINK_DEPENDENT
stateless_guest	blsg_on_curve	0x8003a428	.text	LINK_DEPENDENT
stateless_guest	blsg_decode_g1	0x8003a4b4	.text	LINK_DEPENDENT
stateless_guest	blsg_scalar_mul	0x8003a590	.text	LINK_DEPENDENT
stateless_guest	blsg_subgroup_g1	0x8003a700	.text	LINK_DEPENDENT
stateless_guest	zkvm_bls12_g1_add	0x8003a730	.text	LINK_DEPENDENT
stateless_guest	zkvm_bls12_g1_msm	0x8003a7ac	.text	LINK_DEPENDENT
stateless_guest	bnf_be_to_le	0x8003a898	.text	LINK_DEPENDENT
stateless_guest	bnf_le_to_be	0x8003a8e8	.text	LINK_DEPENDENT
stateless_guest	bnf_is_zero32	0x8003a934	.text	LINK_DEPENDENT
stateless_guest	bnf_eq32	0x8003a964	.text	LINK_DEPENDENT
stateless_guest	bnf_lt_p	0x8003a9a0	.text	LINK_DEPENDENT
stateless_guest	bnf_mul_mod_p	0x8003a9e4	.text	LINK_DEPENDENT
stateless_guest	bnf_add_mod_p	0x8003aa4c	.text	LINK_DEPENDENT
stateless_guest	bnc_copy64	0x8003aab4	.text	LINK_DEPENDENT
stateless_guest	bnc_zero64	0x8003aad8	.text	LINK_DEPENDENT
stateless_guest	bnc_is_inf64	0x8003aaf4	.text	LINK_DEPENDENT
stateless_guest	bnc_point_dbl	0x8003ab24	.text	LINK_DEPENDENT
stateless_guest	bnc_point_add	0x8003abc4	.text	LINK_DEPENDENT
stateless_guest	bnc_on_curve	0x8003acfc	.text	LINK_DEPENDENT
stateless_guest	bnc_validate_g1	0x8003ad88	.text	LINK_DEPENDENT
stateless_guest	bnc_scalar_mul	0x8003ade8	.text	LINK_DEPENDENT
stateless_guest	zkvm_bn254_g1_add	0x8003aefc	.text	LINK_DEPENDENT
stateless_guest	zkvm_bn254_g1_mul	0x8003af6c	.text	LINK_DEPENDENT
stateless_guest	bn254_call_allotment	0x8003afcc	.text	LINK_DEPENDENT
stateless_guest	bnp_fp2_add	0x8003b000	.text	LINK_DEPENDENT
stateless_guest	bnp_fp2_sub	0x8003b018	.text	LINK_DEPENDENT
stateless_guest	bnp_fp2_mul	0x8003b030	.text	LINK_DEPENDENT
stateless_guest	bnp_fp2_copy	0x8003b048	.text	LINK_DEPENDENT
stateless_guest	bnp_fp2_zero	0x8003b08c	.text	LINK_DEPENDENT
stateless_guest	bnp_fp2_eq	0x8003b0b0	.text	LINK_DEPENDENT
stateless_guest	bnp_fp2_is_zero	0x8003b0e4	.text	LINK_DEPENDENT
stateless_guest	bnp_fp_mul	0x8003b10c	.text	LINK_DEPENDENT
stateless_guest	bnp_fp_add	0x8003b140	.text	LINK_DEPENDENT
stateless_guest	bnp_fp_pow	0x8003b174	.text	LINK_DEPENDENT
stateless_guest	bnq_mul	0x8003b218	.text	LINK_DEPENDENT
stateless_guest	bnq_sub	0x8003b3a8	.text	LINK_DEPENDENT
stateless_guest	bnq_smul	0x8003b3fc	.text	LINK_DEPENDENT
stateless_guest	bnq_copy	0x8003b444	.text	LINK_DEPENDENT
stateless_guest	bnq_zero	0x8003b464	.text	LINK_DEPENDENT
stateless_guest	bnq_set_one	0x8003b47c	.text	LINK_DEPENDENT
stateless_guest	bnq_eq	0x8003b4a8	.text	LINK_DEPENDENT
stateless_guest	bnq_is_zero	0x8003b4dc	.text	LINK_DEPENDENT
stateless_guest	bnq_pow	0x8003b504	.text	LINK_DEPENDENT
stateless_guest	bnq_pt_double	0x8003b5c4	.text	LINK_DEPENDENT
stateless_guest	bnq_pt_add	0x8003b830	.text	LINK_DEPENDENT
stateless_guest	bnq_linefunc	0x8003bb70	.text	LINK_DEPENDENT
stateless_guest	bng2_double	0x8003be20	.text	LINK_DEPENDENT
stateless_guest	bng2_add	0x8003c154	.text	LINK_DEPENDENT
stateless_guest	bng2_subgroup_ok	0x8003c4dc	.text	LINK_DEPENDENT
stateless_guest	bnq_pt_copy	0x8003c5fc	.text	LINK_DEPENDENT
stateless_guest	bnq_miller_accumulate	0x8003c61c	.text	LINK_DEPENDENT
stateless_guest	zkvm_bn254_pairing	0x8003ca4c	.text	LINK_DEPENDENT
stateless_guest	blk2_ld_le64	0x8003ce90	.text	LINK_DEPENDENT
stateless_guest	blk2_st_le64	0x8003cebc	.text	LINK_DEPENDENT
stateless_guest	zkvm_blake2f	0x8003cee4	.text	LINK_DEPENDENT
stateless_guest	blsk_fp_pow_q14	0x8003d090	.text	LINK_DEPENDENT
stateless_guest	blsk_lt_be	0x8003d170	.text	LINK_DEPENDENT
stateless_guest	blsk_decompress_g1	0x8003d1b0	.text	LINK_DEPENDENT
stateless_guest	blsk_neg_scalar	0x8003d378	.text	LINK_DEPENDENT
stateless_guest	blsk_g1_wire	0x8003d428	.text	LINK_DEPENDENT
stateless_guest	blsk_g2_wire	0x8003d484	.text	LINK_DEPENDENT
stateless_guest	zkvm_kzg_point_eval	0x8003d504	.text	LINK_DEPENDENT
stateless_guest	p256_copy_n	0x8003d6c8	.text	LINK_DEPENDENT
stateless_guest	p256_is_zero_n	0x8003d6e8	.text	LINK_DEPENDENT
stateless_guest	p256_eq32	0x8003d718	.text	LINK_DEPENDENT
stateless_guest	p256_lt_be	0x8003d754	.text	LINK_DEPENDENT
stateless_guest	p256_be_to_le	0x8003d794	.text	LINK_DEPENDENT
stateless_guest	p256_le_to_be	0x8003d7e4	.text	LINK_DEPENDENT
stateless_guest	p256_op_with	0x8003d830	.text	LINK_DEPENDENT
stateless_guest	p256_pow	0x8003d89c	.text	LINK_DEPENDENT
stateless_guest	p256_chord_tail	0x8003d994	.text	LINK_DEPENDENT
stateless_guest	p256_point_dbl	0x8003dabc	.text	LINK_DEPENDENT
stateless_guest	p256_point_add	0x8003dc34	.text	LINK_DEPENDENT
stateless_guest	p256_scalar_mul	0x8003dd50	.text	LINK_DEPENDENT
stateless_guest	zkvm_secp256r1_verify	0x8003de58	.text	LINK_DEPENDENT
stateless_guest	blsg2_fp_mul	0x8003e130	.text	LINK_DEPENDENT
stateless_guest	blsg2_fp_add	0x8003e168	.text	LINK_DEPENDENT
stateless_guest	blsg2_fp_inv	0x8003e1a0	.text	LINK_DEPENDENT
stateless_guest	blsg2_fp2_add	0x8003e280	.text	LINK_DEPENDENT
stateless_guest	blsg2_fp2_sub	0x8003e29c	.text	LINK_DEPENDENT
stateless_guest	blsg2_fp2_mul	0x8003e2b8	.text	LINK_DEPENDENT
stateless_guest	blsg2_fp2_inv	0x8003e2d4	.text	LINK_DEPENDENT
stateless_guest	blsg2_copy192	0x8003e39c	.text	LINK_DEPENDENT
stateless_guest	blsg2_zero192	0x8003e3b8	.text	LINK_DEPENDENT
stateless_guest	blsg2_eq_n	0x8003e3d0	.text	LINK_DEPENDENT
stateless_guest	blsg2_chord_tail	0x8003e40c	.text	LINK_DEPENDENT
stateless_guest	blsg2_point_dbl	0x8003e504	.text	LINK_DEPENDENT
stateless_guest	blsg2_point_add	0x8003e614	.text	LINK_DEPENDENT
stateless_guest	blsg2_decode_g2	0x8003e768	.text	LINK_DEPENDENT
stateless_guest	blsg2_scalar_mul	0x8003e8a0	.text	LINK_DEPENDENT
stateless_guest	blsg2_subgroup_g2	0x8003e990	.text	LINK_DEPENDENT
stateless_guest	blsg2_encode	0x8003e9c0	.text	LINK_DEPENDENT
stateless_guest	zkvm_bls12_g2_add	0x8003ea1c	.text	LINK_DEPENDENT
stateless_guest	zkvm_bls12_g2_msm	0x8003eaac	.text	LINK_DEPENDENT
stateless_guest	blq_mul	0x8003eb7c	.text	LINK_DEPENDENT
stateless_guest	blq_sub	0x8003ed54	.text	LINK_DEPENDENT
stateless_guest	blq_smul	0x8003edb0	.text	LINK_DEPENDENT
stateless_guest	blq_copy	0x8003ee00	.text	LINK_DEPENDENT
stateless_guest	blq_zero	0x8003ee20	.text	LINK_DEPENDENT
stateless_guest	blq_set_one	0x8003ee38	.text	LINK_DEPENDENT
stateless_guest	blq_eq	0x8003ee64	.text	LINK_DEPENDENT
stateless_guest	blq_is_zero	0x8003ee98	.text	LINK_DEPENDENT
stateless_guest	blq_pow	0x8003eec0	.text	LINK_DEPENDENT
stateless_guest	blq_pt_copy	0x8003ef80	.text	LINK_DEPENDENT
stateless_guest	blq_pt_double	0x8003efa0	.text	LINK_DEPENDENT
stateless_guest	blq_pt_add	0x8003f20c	.text	LINK_DEPENDENT
stateless_guest	blq_linefunc	0x8003f52c	.text	LINK_DEPENDENT
stateless_guest	blq_miller_accumulate	0x8003f7dc	.text	LINK_DEPENDENT
stateless_guest	zkvm_bls12_pairing	0x8003f9b8	.text	LINK_DEPENDENT
stateless_guest	blm_fp_pow	0x8003fd00	.text	LINK_DEPENDENT
stateless_guest	blm_fp2_pow	0x8003fda4	.text	LINK_DEPENDENT
stateless_guest	zkvm_bls12_map_fp_to_g1	0x8003fe4c	.text	LINK_DEPENDENT
stateless_guest	zkvm_bls12_map_fp2_to_g2	0x800416b0	.text	LINK_DEPENDENT
stateless_guest	frame_base	0x800428ec	.text	LINK_DEPENDENT
stateless_guest	frame_depth_push	0x80042904	.text	LINK_DEPENDENT
stateless_guest	frame_depth_pop	0x8004291c	.text	LINK_DEPENDENT
stateless_guest	frame_save_regs	0x80042934	.text	LINK_DEPENDENT
stateless_guest	frame_load_regs	0x80042950	.text	LINK_DEPENDENT
stateless_guest	call_frame_enter	0x8004296c	.text	LINK_DEPENDENT
stateless_guest	call_frame_set_call_env	0x80042a10	.text	LINK_DEPENDENT
stateless_guest	call_frame_set_calldata	0x80042b2c	.text	LINK_DEPENDENT
stateless_guest	call_frame_forward_gas	0x80042b3c	.text	LINK_DEPENDENT
stateless_guest	call_frame_descend	0x80042b6c	.text	LINK_DEPENDENT
stateless_guest	create_frame_descend	0x800431ac	.text	LINK_DEPENDENT
stateless_guest	record_nonstorage_effect	0x80043494	.text	LINK_DEPENDENT
stateless_guest	record_nonstorage_effect_after_account_state	0x8004349c	.text	LINK_DEPENDENT
stateless_guest	record_nonstorage_effect_nonce_only_after_account_state	0x800434a0	.text	LINK_DEPENDENT
stateless_guest	nonstorage_effect_latest_balance	0x800436a0	.text	LINK_DEPENDENT
stateless_guest	nonstorage_effect_latest_nonce	0x80043730	.text	LINK_DEPENDENT
stateless_guest	nonstorage_effect_aggregate	0x80043798	.text	LINK_DEPENDENT
stateless_guest	frame_return	0x80043be4	.text	LINK_DEPENDENT
stateless_guest	sparse_window_read	0x800441f0	.text	LINK_DEPENDENT
stateless_guest	sparse_window_write	0x8004430c	.text	LINK_DEPENDENT
stateless_guest	h_PUSH0	0x80044524	.text	LINK_DEPENDENT
stateless_guest	h_PUSH1	0x80044564	.text	LINK_DEPENDENT
stateless_guest	h_PUSH2	0x800445ac	.text	LINK_DEPENDENT
stateless_guest	h_PUSH3	0x800445fc	.text	LINK_DEPENDENT
stateless_guest	h_PUSH4	0x80044654	.text	LINK_DEPENDENT
stateless_guest	h_PUSH5	0x800446b4	.text	LINK_DEPENDENT
stateless_guest	h_PUSH6	0x8004471c	.text	LINK_DEPENDENT
stateless_guest	h_PUSH7	0x8004478c	.text	LINK_DEPENDENT
stateless_guest	h_PUSH8	0x80044804	.text	LINK_DEPENDENT
stateless_guest	h_PUSH9	0x80044884	.text	LINK_DEPENDENT
stateless_guest	h_PUSH10	0x8004490c	.text	LINK_DEPENDENT
stateless_guest	h_PUSH11	0x8004499c	.text	LINK_DEPENDENT
stateless_guest	h_PUSH12	0x80044a34	.text	LINK_DEPENDENT
stateless_guest	h_PUSH13	0x80044ad4	.text	LINK_DEPENDENT
stateless_guest	h_PUSH14	0x80044b7c	.text	LINK_DEPENDENT
stateless_guest	h_PUSH15	0x80044c2c	.text	LINK_DEPENDENT
stateless_guest	h_PUSH16	0x80044ce4	.text	LINK_DEPENDENT
stateless_guest	h_PUSH17	0x80044da4	.text	LINK_DEPENDENT
stateless_guest	h_PUSH18	0x80044e6c	.text	LINK_DEPENDENT
stateless_guest	h_PUSH19	0x80044f3c	.text	LINK_DEPENDENT
stateless_guest	h_PUSH20	0x80045014	.text	LINK_DEPENDENT
stateless_guest	h_PUSH21	0x800450f4	.text	LINK_DEPENDENT
stateless_guest	h_PUSH22	0x800451dc	.text	LINK_DEPENDENT
stateless_guest	h_PUSH23	0x800452cc	.text	LINK_DEPENDENT
stateless_guest	h_PUSH24	0x800453c4	.text	LINK_DEPENDENT
stateless_guest	h_PUSH25	0x800454c4	.text	LINK_DEPENDENT
stateless_guest	h_PUSH26	0x800455cc	.text	LINK_DEPENDENT
stateless_guest	h_PUSH27	0x800456dc	.text	LINK_DEPENDENT
stateless_guest	h_PUSH28	0x800457f4	.text	LINK_DEPENDENT
stateless_guest	h_PUSH29	0x80045914	.text	LINK_DEPENDENT
stateless_guest	h_PUSH30	0x80045a3c	.text	LINK_DEPENDENT
stateless_guest	h_PUSH31	0x80045b6c	.text	LINK_DEPENDENT
stateless_guest	h_PUSH32	0x80045ca4	.text	LINK_DEPENDENT
stateless_guest	h_DUP1	0x80045de4	.text	LINK_DEPENDENT
stateless_guest	h_DUP2	0x80045e5c	.text	LINK_DEPENDENT
stateless_guest	h_DUP3	0x80045ed4	.text	LINK_DEPENDENT
stateless_guest	h_DUP4	0x80045f4c	.text	LINK_DEPENDENT
stateless_guest	h_DUP5	0x80045fc4	.text	LINK_DEPENDENT
stateless_guest	h_DUP6	0x8004603c	.text	LINK_DEPENDENT
stateless_guest	h_DUP7	0x800460b4	.text	LINK_DEPENDENT
stateless_guest	h_DUP8	0x8004612c	.text	LINK_DEPENDENT
stateless_guest	h_DUP9	0x800461a4	.text	LINK_DEPENDENT
stateless_guest	h_DUP10	0x8004621c	.text	LINK_DEPENDENT
stateless_guest	h_DUP11	0x80046294	.text	LINK_DEPENDENT
stateless_guest	h_DUP12	0x8004630c	.text	LINK_DEPENDENT
stateless_guest	h_DUP13	0x80046384	.text	LINK_DEPENDENT
stateless_guest	h_DUP14	0x800463fc	.text	LINK_DEPENDENT
stateless_guest	h_DUP15	0x80046474	.text	LINK_DEPENDENT
stateless_guest	h_DUP16	0x800464ec	.text	LINK_DEPENDENT
stateless_guest	h_SWAP1	0x80046564	.text	LINK_DEPENDENT
stateless_guest	h_SWAP2	0x800465d4	.text	LINK_DEPENDENT
stateless_guest	h_SWAP3	0x80046644	.text	LINK_DEPENDENT
stateless_guest	h_SWAP4	0x800466b4	.text	LINK_DEPENDENT
stateless_guest	h_SWAP5	0x80046724	.text	LINK_DEPENDENT
stateless_guest	h_SWAP6	0x80046794	.text	LINK_DEPENDENT
stateless_guest	h_SWAP7	0x80046804	.text	LINK_DEPENDENT
stateless_guest	h_SWAP8	0x80046874	.text	LINK_DEPENDENT
stateless_guest	h_SWAP9	0x800468e4	.text	LINK_DEPENDENT
stateless_guest	h_SWAP10	0x80046954	.text	LINK_DEPENDENT
stateless_guest	h_SWAP11	0x800469c4	.text	LINK_DEPENDENT
stateless_guest	h_SWAP12	0x80046a34	.text	LINK_DEPENDENT
stateless_guest	h_SWAP13	0x80046aa4	.text	LINK_DEPENDENT
stateless_guest	h_SWAP14	0x80046b14	.text	LINK_DEPENDENT
stateless_guest	h_SWAP15	0x80046b84	.text	LINK_DEPENDENT
stateless_guest	h_SWAP16	0x80046bf4	.text	LINK_DEPENDENT
stateless_guest	h_DUPN	0x80046c64	.text	LINK_DEPENDENT
stateless_guest	.dupn_imm_loaded	0x80046c7c	.text	LINK_DEPENDENT
stateless_guest	.dupn_imm_valid	0x80046c90	.text	LINK_DEPENDENT
stateless_guest	h_SWAPN	0x80046d1c	.text	LINK_DEPENDENT
stateless_guest	.swapn_imm_loaded	0x80046d34	.text	LINK_DEPENDENT
stateless_guest	.swapn_imm_valid	0x80046d48	.text	LINK_DEPENDENT
stateless_guest	h_EXCHANGE	0x80046dd0	.text	LINK_DEPENDENT
stateless_guest	.exchange_imm_loaded	0x80046de8	.text	LINK_DEPENDENT
stateless_guest	.exchange_imm_valid	0x80046dfc	.text	LINK_DEPENDENT
stateless_guest	.exchange_q_lt_r	0x80046e1c	.text	LINK_DEPENDENT
stateless_guest	.exchange_decoded	0x80046e24	.text	LINK_DEPENDENT
stateless_guest	.exchange_depth_m	0x80046e30	.text	LINK_DEPENDENT
stateless_guest	.exchange_depth_ready	0x80046e34	.text	LINK_DEPENDENT
stateless_guest	h_ADD	0x80046eb8	.text	LINK_DEPENDENT
stateless_guest	h_MUL	0x80046f60	.text	LINK_DEPENDENT
stateless_guest	h_SUB	0x80047094	.text	LINK_DEPENDENT
stateless_guest	h_SIGNEXTEND	0x8004713c	.text	LINK_DEPENDENT
stateless_guest	h_LT	0x80047234	.text	LINK_DEPENDENT
stateless_guest	h_GT	0x800472cc	.text	LINK_DEPENDENT
stateless_guest	h_SLT	0x80047364	.text	LINK_DEPENDENT
stateless_guest	h_SGT	0x800473f8	.text	LINK_DEPENDENT
stateless_guest	h_EQ	0x8004748c	.text	LINK_DEPENDENT
stateless_guest	h_ISZERO	0x80047510	.text	LINK_DEPENDENT
stateless_guest	h_AND	0x80047570	.text	LINK_DEPENDENT
stateless_guest	h_OR	0x800475e4	.text	LINK_DEPENDENT
stateless_guest	h_XOR	0x80047658	.text	LINK_DEPENDENT
stateless_guest	h_NOT	0x800476cc	.text	LINK_DEPENDENT
stateless_guest	h_BYTE	0x8004772c	.text	LINK_DEPENDENT
stateless_guest	h_SHL	0x80047818	.text	LINK_DEPENDENT
stateless_guest	h_SHR	0x800479b8	.text	LINK_DEPENDENT
stateless_guest	h_SAR	0x80047b58	.text	LINK_DEPENDENT
stateless_guest	h_CLZ	0x80047d0c	.text	LINK_DEPENDENT
stateless_guest	h_POP	0x80047e0c	.text	LINK_DEPENDENT
stateless_guest	h_MLOAD	0x80047e40	.text	LINK_DEPENDENT
stateless_guest	h_MSTORE	0x800481bc	.text	LINK_DEPENDENT
stateless_guest	h_MSTORE8	0x800484cc	.text	LINK_DEPENDENT
stateless_guest	h_MSIZE	0x80048604	.text	LINK_DEPENDENT
stateless_guest	h_GAS	0x80048648	.text	LINK_DEPENDENT
stateless_guest	h_ADDRESS	0x8004868c	.text	LINK_DEPENDENT
stateless_guest	h_ORIGIN	0x800486dc	.text	LINK_DEPENDENT
stateless_guest	h_CALLER	0x8004872c	.text	LINK_DEPENDENT
stateless_guest	h_CALLVALUE	0x8004877c	.text	LINK_DEPENDENT
stateless_guest	h_GASPRICE	0x800487cc	.text	LINK_DEPENDENT
stateless_guest	h_COINBASE	0x8004881c	.text	LINK_DEPENDENT
stateless_guest	h_TIMESTAMP	0x8004886c	.text	LINK_DEPENDENT
stateless_guest	h_NUMBER	0x800488bc	.text	LINK_DEPENDENT
stateless_guest	h_PREVRANDAO	0x8004890c	.text	LINK_DEPENDENT
stateless_guest	h_GASLIMIT	0x8004895c	.text	LINK_DEPENDENT
stateless_guest	h_CHAINID	0x800489ac	.text	LINK_DEPENDENT
stateless_guest	h_SELFBALANCE	0x800489fc	.text	LINK_DEPENDENT
stateless_guest	h_BASEFEE	0x80048a4c	.text	LINK_DEPENDENT
stateless_guest	h_SLOTNUM	0x80048a9c	.text	LINK_DEPENDENT
stateless_guest	h_BLOBBASEFEE	0x80048aec	.text	LINK_DEPENDENT
stateless_guest	h_BLOBHASH	0x80048b3c	.text	LINK_DEPENDENT
stateless_guest	h_BLOCKHASH	0x80048bd4	.text	LINK_DEPENDENT
stateless_guest	h_CALLDATASIZE	0x80048c7c	.text	LINK_DEPENDENT
stateless_guest	h_CALLDATALOAD	0x80048cc0	.text	LINK_DEPENDENT
stateless_guest	h_CALLDATACOPY	0x80048edc	.text	LINK_DEPENDENT
stateless_guest	h_CODESIZE	0x800490c4	.text	LINK_DEPENDENT
stateless_guest	h_CODECOPY	0x80049108	.text	LINK_DEPENDENT
stateless_guest	h_JUMPDEST	0x800492ec	.text	LINK_DEPENDENT
stateless_guest	h_JUMP	0x800492f4	.text	LINK_DEPENDENT
stateless_guest	h_JUMPI	0x800493b4	.text	LINK_DEPENDENT
stateless_guest	h_PC	0x800494a8	.text	LINK_DEPENDENT
stateless_guest	h_KECCAK256	0x800494ec	.text	LINK_DEPENDENT
stateless_guest	h_LOG0	0x80049774	.text	LINK_DEPENDENT
stateless_guest	h_LOG1	0x80049a64	.text	LINK_DEPENDENT
stateless_guest	h_LOG2	0x80049d74	.text	LINK_DEPENDENT
stateless_guest	h_LOG3	0x8004a0a4	.text	LINK_DEPENDENT
stateless_guest	h_LOG4	0x8004a3f4	.text	LINK_DEPENDENT
stateless_guest	h_BALANCE	0x8004a764	.text	LINK_DEPENDENT
stateless_guest	h_EXTCODESIZE	0x8004aa0c	.text	LINK_DEPENDENT
stateless_guest	h_EXTCODEHASH	0x8004acf8	.text	LINK_DEPENDENT
stateless_guest	h_EXTCODECOPY	0x8004b344	.text	LINK_DEPENDENT
stateless_guest	h_SLOAD	0x8004b8a4	.text	LINK_DEPENDENT
stateless_guest	h_SSTORE	0x8004bddc	.text	LINK_DEPENDENT
stateless_guest	h_TLOAD	0x8004c650	.text	LINK_DEPENDENT
stateless_guest	h_TSTORE	0x8004c73c	.text	LINK_DEPENDENT
stateless_guest	h_MCOPY	0x8004c80c	.text	LINK_DEPENDENT
stateless_guest	h_RETURN	0x8004ca88	.text	LINK_DEPENDENT
stateless_guest	h_REVERT	0x8004d3d4	.text	LINK_DEPENDENT
stateless_guest	h_INVALID	0x8004d970	.text	LINK_DEPENDENT
stateless_guest	h_SELFDESTRUCT	0x8004d98c	.text	LINK_DEPENDENT
stateless_guest	h_RETURNDATASIZE	0x8004ed6c	.text	LINK_DEPENDENT
stateless_guest	h_RETURNDATACOPY	0x8004edb8	.text	LINK_DEPENDENT
stateless_guest	h_CREATE	0x8004ef74	.text	LINK_DEPENDENT
stateless_guest	h_CALL	0x8004fc18	.text	LINK_DEPENDENT
stateless_guest	h_CALLCODE	0x80054270	.text	LINK_DEPENDENT
stateless_guest	h_DELEGATECALL	0x800573ac	.text	LINK_DEPENDENT
stateless_guest	h_CREATE2	0x8005a198	.text	LINK_DEPENDENT
stateless_guest	h_STATICCALL	0x8005ae7c	.text	LINK_DEPENDENT
stateless_guest	h_MULMOD	0x8005e148	.text	LINK_DEPENDENT
stateless_guest	h_DIV	0x8005ea00	.text	LINK_DEPENDENT
stateless_guest	h_MOD	0x8005f2f4	.text	LINK_DEPENDENT
stateless_guest	h_SDIV	0x8005f890	.text	LINK_DEPENDENT
stateless_guest	h_SDIV_done	0x8005ff3c	.text	LINK_DEPENDENT
stateless_guest	h_SMOD	0x8005ff5c	.text	LINK_DEPENDENT
stateless_guest	h_SMOD_done	0x80060608	.text	LINK_DEPENDENT
stateless_guest	h_ADDMOD	0x80060628	.text	LINK_DEPENDENT
stateless_guest	h_EXP	0x80060f58	.text	LINK_DEPENDENT
stateless_guest	h_STOP	0x800612a4	.text	LINK_DEPENDENT
stateless_guest	h_invalid	0x800613dc	.text	LINK_DEPENDENT
stateless_guest	.exit_static_violation	0x800613e0	.text	LINK_DEPENDENT
stateless_guest	.exit_invalid	0x80061408	.text	LINK_DEPENDENT
stateless_guest	.exit_invalid_top	0x8006159c	.text	LINK_DEPENDENT
stateless_guest	.exit_invalid_hook_done	0x800615b0	.text	LINK_DEPENDENT
stateless_guest	.exit_invalid_top_no_auth_restore	0x800615d8	.text	LINK_DEPENDENT
stateless_guest	.exit_invalid_op	0x80061600	.text	LINK_DEPENDENT
stateless_guest	.exit_invalid_op_top	0x80061794	.text	LINK_DEPENDENT
stateless_guest	.exit_invalid_op_hook_done	0x800617a8	.text	LINK_DEPENDENT
stateless_guest	.exit_invalid_op_top_no_auth_restore	0x800617d0	.text	LINK_DEPENDENT
stateless_guest	.exit_selfdestruct	0x800617f8	.text	LINK_DEPENDENT
stateless_guest	.exit_selfdestruct_top	0x8006181c	.text	LINK_DEPENDENT
stateless_guest	.exit_outofgas	0x80061844	.text	LINK_DEPENDENT
stateless_guest	.exit_outofgas_top	0x800619d8	.text	LINK_DEPENDENT
stateless_guest	.exit_outofgas_hook_done	0x800619ec	.text	LINK_DEPENDENT
stateless_guest	.exit_outofgas_top_no_auth_restore	0x80061a14	.text	LINK_DEPENDENT
stateless_guest	.exit_stack_underflow	0x80061a3c	.text	LINK_DEPENDENT
stateless_guest	.exit_stack_underflow_top	0x80061bd0	.text	LINK_DEPENDENT
stateless_guest	.exit_stack_underflow_hook_done	0x80061be4	.text	LINK_DEPENDENT
stateless_guest	.exit_stack_underflow_top_no_auth_restore	0x80061c0c	.text	LINK_DEPENDENT
stateless_guest	.exit_stack_overflow	0x80061c34	.text	LINK_DEPENDENT
stateless_guest	.exit_stack_overflow_top	0x80061dc8	.text	LINK_DEPENDENT
stateless_guest	.exit_stack_overflow_hook_done	0x80061ddc	.text	LINK_DEPENDENT
stateless_guest	.exit_stack_overflow_top_no_auth_restore	0x80061e04	.text	LINK_DEPENDENT
stateless_guest	.exit_label	0x80061e2c	.text	LINK_DEPENDENT
stateless_guest	.exit_no_epilogue	0x80061e2c	.text	LINK_DEPENDENT
stateless_guest	derive_withdrawal_requests	0x80061e48	.text	LINK_DEPENDENT
stateless_guest	derive_consolidation_requests	0x80061e64	.text	LINK_DEPENDENT
stateless_guest	derive_builder_deposit_requests	0x80061e80	.text	LINK_DEPENDENT
stateless_guest	derive_builder_exit_requests	0x80061e9c	.text	LINK_DEPENDENT
stateless_guest	stage_system_call	0x80061eb8	.text	LINK_DEPENDENT
stateless_guest	stage_system_call_payload	0x80061f90	.text	LINK_DEPENDENT
stateless_guest	block_verdict_all_direct_deposit_txs	0x80062130	.text	LINK_DEPENDENT
stateless_guest	block_verdict_append_direct_deposit	0x80062214	.text	LINK_DEPENDENT
stateless_guest	parse_deposit_requests	0x800624a4	.text	LINK_DEPENDENT
stateless_guest	extract_deposit_data	0x800625a4	.text	LINK_DEPENDENT
stateless_guest	edd_be32_eq	0x800626d4	.text	LINK_DEPENDENT
stateless_guest	edd_memcpy	0x80062730	.text	LINK_DEPENDENT
stateless_guest	materialize_log_records	0x80062750	.text	LINK_DEPENDENT
stateless_guest	assemble_execution_requests	0x8006288c	.text	LINK_DEPENDENT
stateless_guest	requests_hash_verify	0x800629cc	.text	LINK_DEPENDENT
stateless_guest	stage_predeploy_storage_preload	0x80062a5c	.text	LINK_DEPENDENT
stateless_guest	__DATA_BEGIN__	0xa3000000	.data	LINK_DEPENDENT
stateless_guest	sha256_w_iv	0xa3000000	.data	LINK_DEPENDENT
stateless_guest	sha256_w_params	0xa3000020	.data	LINK_DEPENDENT
stateless_guest	ssz_zero_hashes	0xa3000040	.data	LINK_DEPENDENT
stateless_guest	cvpmf_empty_hash	0xa3000440	.data	LINK_DEPENDENT
stateless_guest	empty_npr_root	0xa3000460	.data	LINK_DEPENDENT
stateless_guest	npr_left_subtree	0xa3000480	.data	LINK_DEPENDENT
stateless_guest	npr_exec_requests_root	0xa30004a0	.data	LINK_DEPENDENT
stateless_guest	default_failed_stateless_output	0xa30004c0	.data	LINK_DEPENDENT
stateless_guest	npr_node_0_15	0xa3000500	.data	LINK_DEPENDENT
stateless_guest	npr_node_16_17	0xa3000520	.data	LINK_DEPENDENT
stateless_guest	npr_versioned_hashes_root	0xa3000540	.data	LINK_DEPENDENT
stateless_guest	npr_leaf_17_bal_root	0xa3000560	.data	LINK_DEPENDENT
stateless_guest	npr_node_4_5	0xa3000580	.data	LINK_DEPENDENT
stateless_guest	npr_node_8_15	0xa30005a0	.data	LINK_DEPENDENT
stateless_guest	npr_leaf_4_logs_bloom_root	0xa30005c0	.data	LINK_DEPENDENT
stateless_guest	npr_node_10_11	0xa30005e0	.data	LINK_DEPENDENT
stateless_guest	npr_node_12_15	0xa3000600	.data	LINK_DEPENDENT
stateless_guest	npr_leaf_13_transactions_root	0xa3000620	.data	LINK_DEPENDENT
stateless_guest	npr_node_14_15	0xa3000640	.data	LINK_DEPENDENT
stateless_guest	npr_leaf_14_withdrawals_root	0xa3000660	.data	LINK_DEPENDENT
stateless_guest	secp256k1_p_be	0xa3000680	.data	LINK_DEPENDENT
stateless_guest	secp256k1_c_be	0xa30006a0	.data	LINK_DEPENDENT
stateless_guest	secp256k1_one_be	0xa30006c0	.data	LINK_DEPENDENT
stateless_guest	secp256k1_p_minus_2_be	0xa30006e0	.data	LINK_DEPENDENT
stateless_guest	secp256k1_sqrt_exp_be	0xa3000700	.data	LINK_DEPENDENT
stateless_guest	secf_n_be	0xa3000720	.data	LINK_DEPENDENT
stateless_guest	secf_n_c_be	0xa3000740	.data	LINK_DEPENDENT
stateless_guest	secf_n_minus_2_be	0xa3000760	.data	LINK_DEPENDENT
stateless_guest	secf_le_a	0xa3000780	.data	LINK_DEPENDENT
stateless_guest	secf_le_b	0xa30007a0	.data	LINK_DEPENDENT
stateless_guest	secf_le_d	0xa30007c0	.data	LINK_DEPENDENT
stateless_guest	secf_le_zero	0xa30007e0	.data	LINK_DEPENDENT
stateless_guest	secf_le_p	0xa3000800	.data	LINK_DEPENDENT
stateless_guest	secf_le_n	0xa3000820	.data	LINK_DEPENDENT
stateless_guest	secf_arith_params_p	0xa3000840	.data	LINK_DEPENDENT
stateless_guest	secf_arith_params_n	0xa3000868	.data	LINK_DEPENDENT
stateless_guest	secp256k1_generator	0xa3000890	.data	LINK_DEPENDENT
stateless_guest	secp256k1_generator_2	0xa30008d0	.data	LINK_DEPENDENT
stateless_guest	secc_point_tmp	0xa3000910	.data	LINK_DEPENDENT
stateless_guest	secc_le_p1	0xa3000950	.data	LINK_DEPENDENT
stateless_guest	secc_le_p2	0xa3000990	.data	LINK_DEPENDENT
stateless_guest	secc_add_params	0xa30009d0	.data	LINK_DEPENDENT
stateless_guest	secp256k1_n_be	0xa30009e0	.data	LINK_DEPENDENT
stateless_guest	secp256k1_b_be	0xa3000a00	.data	LINK_DEPENDENT
stateless_guest	tps_secp256k1_n	0xa3000a20	.data	LINK_DEPENDENT
stateless_guest	tps_secp256k1_half_n	0xa3000a40	.data	LINK_DEPENDENT
stateless_guest	empty_ommers_hash	0xa3000a60	.data	LINK_DEPENDENT
stateless_guest	bhr_empty_ommers	0xa3000a80	.data	LINK_DEPENDENT
stateless_guest	bv_block_hash_check_enabled	0xa3000aa0	.data	LINK_DEPENDENT
stateless_guest	aps_empty_root	0xa3000aa8	.data	LINK_DEPENDENT
stateless_guest	bams_addr_2935	0xa3000ae0	.data	LINK_DEPENDENT
stateless_guest	bams_addr_4788	0xa3000b00	.data	LINK_DEPENDENT
stateless_guest	bsr_builder_value_max	0xa3000b14	.data	LINK_DEPENDENT
stateless_guest	bsr_builder_witness_value_max	0xa3000b1c	.data	LINK_DEPENDENT
stateless_guest	baaod_empty_account	0xa3000b24	.data	LINK_DEPENDENT
stateless_guest	bsr_addr_2935	0xa3000b80	.data	LINK_DEPENDENT
stateless_guest	bsr_addr_4788	0xa3000ba0	.data	LINK_DEPENDENT
stateless_guest	rle_empty_logs	0xa3000bb8	.data	LINK_DEPENDENT
stateless_guest	bv_stop_code	0xa3000bb9	.data	LINK_DEPENDENT
stateless_guest	a77ra_secp256k1_n	0xa3000bba	.data	LINK_DEPENDENT
stateless_guest	a77ra_secp256k1_half_n	0xa3000bda	.data	LINK_DEPENDENT
stateless_guest	bbcv_sys_2935	0xa3000c00	.data	LINK_DEPENDENT
stateless_guest	bbcv_sys_4788	0xa3000c14	.data	LINK_DEPENDENT
stateless_guest	bbcv_sys_7002	0xa3000c28	.data	LINK_DEPENDENT
stateless_guest	bbcv_sys_7251	0xa3000c3c	.data	LINK_DEPENDENT
stateless_guest	bbcv_sys_6110	0xa3000c50	.data	LINK_DEPENDENT
stateless_guest	bbcv_sys_system	0xa3000c64	.data	LINK_DEPENDENT
stateless_guest	bbcv_stop_code_hash	0xa3000c78	.data	LINK_DEPENDENT
stateless_guest	chahsr_empty_code_hash	0xa3000ca0	.data	LINK_DEPENDENT
stateless_guest	ecsahsr_empty_code_hash	0xa3000cc0	.data	LINK_DEPENDENT
stateless_guest	aie_empty_code_hash	0xa3000ce0	.data	LINK_DEPENDENT
stateless_guest	bara_empty_account	0xa3000d00	.data	LINK_DEPENDENT
stateless_guest	bsr_empty_account	0xa3000d48	.data	LINK_DEPENDENT
stateless_guest	iw_empty_trie_root	0xa3000d90	.data	LINK_DEPENDENT
stateless_guest	ins_empty_branch	0xa3000db0	.data	LINK_DEPENDENT
stateless_guest	scc_system_addr	0xa3000dc8	.data	LINK_DEPENDENT
stateless_guest	withdrawal_request_predeploy_addr	0xa3000de0	.data	LINK_DEPENDENT
stateless_guest	consolidation_request_predeploy_addr	0xa3000df8	.data	LINK_DEPENDENT
stateless_guest	builder_deposit_contract_addr	0xa3000e10	.data	LINK_DEPENDENT
stateless_guest	builder_exit_contract_addr	0xa3000e28	.data	LINK_DEPENDENT
stateless_guest	pdr_deposit_addr	0xa3000e40	.data	LINK_DEPENDENT
stateless_guest	pdr_deposit_sig	0xa3000e58	.data	LINK_DEPENDENT
stateless_guest	cd_empty_code_hash	0xa3000e80	.data	LINK_DEPENDENT
stateless_guest	bnf_p_be	0xa3000ea0	.data	LINK_DEPENDENT
stateless_guest	bnf_b_be	0xa3000ec0	.data	LINK_DEPENDENT
stateless_guest	bnf_le_a	0xa3000ee0	.data	LINK_DEPENDENT
stateless_guest	bnf_le_b	0xa3000f00	.data	LINK_DEPENDENT
stateless_guest	bnf_le_d	0xa3000f20	.data	LINK_DEPENDENT
stateless_guest	bnf_le_zero	0xa3000f40	.data	LINK_DEPENDENT
stateless_guest	bnf_le_one	0xa3000f60	.data	LINK_DEPENDENT
stateless_guest	bnf_le_p	0xa3000f80	.data	LINK_DEPENDENT
stateless_guest	bnf_mul_params	0xa3000fa0	.data	LINK_DEPENDENT
stateless_guest	bnf_add_params	0xa3000fc8	.data	LINK_DEPENDENT
stateless_guest	bnc_add_params	0xa3000ff0	.data	LINK_DEPENDENT
stateless_guest	blsf_le_p	0xa3001000	.data	LINK_DEPENDENT
stateless_guest	blsf_le_one	0xa3001030	.data	LINK_DEPENDENT
stateless_guest	blsf_mul_params	0xa3001060	.data	LINK_DEPENDENT
stateless_guest	blsf_add_params	0xa3001088	.data	LINK_DEPENDENT
stateless_guest	blsf_curve_params	0xa30010b0	.data	LINK_DEPENDENT
stateless_guest	blsf_cplx_params	0xa30010c0	.data	LINK_DEPENDENT
stateless_guest	blsg_p_be	0xa30010d0	.data	LINK_DEPENDENT
stateless_guest	blsg_b_be	0xa3001100	.data	LINK_DEPENDENT
stateless_guest	blsg_n_be	0xa3001130	.data	LINK_DEPENDENT
stateless_guest	blsg2_p_minus_2_be	0xa3001150	.data	LINK_DEPENDENT
stateless_guest	blsg2_pm1_le	0xa3001180	.data	LINK_DEPENDENT
stateless_guest	blsg2_b_le	0xa30011b0	.data	LINK_DEPENDENT
stateless_guest	blq_exp_final_le	0xa3001210	.data	LINK_DEPENDENT
stateless_guest	blq_exp_p12m2_le	0xa3001430	.data	LINK_DEPENDENT
stateless_guest	blq_le_2	0xa3001670	.data	LINK_DEPENDENT
stateless_guest	blq_le_3	0xa30016a0	.data	LINK_DEPENDENT
stateless_guest	blq_le_4	0xa30016d0	.data	LINK_DEPENDENT
stateless_guest	blq_le_8	0xa3001700	.data	LINK_DEPENDENT
stateless_guest	blq_le_pm2	0xa3001730	.data	LINK_DEPENDENT
stateless_guest	blq_pbe	0xa3001760	.data	LINK_DEPENDENT
stateless_guest	blm_heff_g1_be	0xa30017a0	.data	LINK_DEPENDENT
stateless_guest	blm_heff_g2_be	0xa30017a8	.data	LINK_DEPENDENT
stateless_guest	blm_iso11_a	0xa30017f8	.data	LINK_DEPENDENT
stateless_guest	blm_iso11_b	0xa3001828	.data	LINK_DEPENDENT
stateless_guest	blm_iso11_z	0xa3001858	.data	LINK_DEPENDENT
stateless_guest	blm_sqrt_m11c	0xa3001888	.data	LINK_DEPENDENT
stateless_guest	blm_pm3d4	0xa30018b8	.data	LINK_DEPENDENT
stateless_guest	blm_k11_0_0	0xa30018e8	.data	LINK_DEPENDENT
stateless_guest	blm_k11_0_1	0xa3001918	.data	LINK_DEPENDENT
stateless_guest	blm_k11_0_2	0xa3001948	.data	LINK_DEPENDENT
stateless_guest	blm_k11_0_3	0xa3001978	.data	LINK_DEPENDENT
stateless_guest	blm_k11_0_4	0xa30019a8	.data	LINK_DEPENDENT
stateless_guest	blm_k11_0_5	0xa30019d8	.data	LINK_DEPENDENT
stateless_guest	blm_k11_0_6	0xa3001a08	.data	LINK_DEPENDENT
stateless_guest	blm_k11_0_7	0xa3001a38	.data	LINK_DEPENDENT
stateless_guest	blm_k11_0_8	0xa3001a68	.data	LINK_DEPENDENT
stateless_guest	blm_k11_0_9	0xa3001a98	.data	LINK_DEPENDENT
stateless_guest	blm_k11_0_10	0xa3001ac8	.data	LINK_DEPENDENT
stateless_guest	blm_k11_0_11	0xa3001af8	.data	LINK_DEPENDENT
stateless_guest	blm_k11_1_0	0xa3001b28	.data	LINK_DEPENDENT
stateless_guest	blm_k11_1_1	0xa3001b58	.data	LINK_DEPENDENT
stateless_guest	blm_k11_1_2	0xa3001b88	.data	LINK_DEPENDENT
stateless_guest	blm_k11_1_3	0xa3001bb8	.data	LINK_DEPENDENT
stateless_guest	blm_k11_1_4	0xa3001be8	.data	LINK_DEPENDENT
stateless_guest	blm_k11_1_5	0xa3001c18	.data	LINK_DEPENDENT
stateless_guest	blm_k11_1_6	0xa3001c48	.data	LINK_DEPENDENT
stateless_guest	blm_k11_1_7	0xa3001c78	.data	LINK_DEPENDENT
stateless_guest	blm_k11_1_8	0xa3001ca8	.data	LINK_DEPENDENT
stateless_guest	blm_k11_1_9	0xa3001cd8	.data	LINK_DEPENDENT
stateless_guest	blm_k11_1_10	0xa3001d08	.data	LINK_DEPENDENT
stateless_guest	blm_k11_2_0	0xa3001d38	.data	LINK_DEPENDENT
stateless_guest	blm_k11_2_1	0xa3001d68	.data	LINK_DEPENDENT
stateless_guest	blm_k11_2_2	0xa3001d98	.data	LINK_DEPENDENT
stateless_guest	blm_k11_2_3	0xa3001dc8	.data	LINK_DEPENDENT
stateless_guest	blm_k11_2_4	0xa3001df8	.data	LINK_DEPENDENT
stateless_guest	blm_k11_2_5	0xa3001e28	.data	LINK_DEPENDENT
stateless_guest	blm_k11_2_6	0xa3001e58	.data	LINK_DEPENDENT
stateless_guest	blm_k11_2_7	0xa3001e88	.data	LINK_DEPENDENT
stateless_guest	blm_k11_2_8	0xa3001eb8	.data	LINK_DEPENDENT
stateless_guest	blm_k11_2_9	0xa3001ee8	.data	LINK_DEPENDENT
stateless_guest	blm_k11_2_10	0xa3001f18	.data	LINK_DEPENDENT
stateless_guest	blm_k11_2_11	0xa3001f48	.data	LINK_DEPENDENT
stateless_guest	blm_k11_2_12	0xa3001f78	.data	LINK_DEPENDENT
stateless_guest	blm_k11_2_13	0xa3001fa8	.data	LINK_DEPENDENT
stateless_guest	blm_k11_2_14	0xa3001fd8	.data	LINK_DEPENDENT
stateless_guest	blm_k11_2_15	0xa3002008	.data	LINK_DEPENDENT
stateless_guest	blm_k11_3_0	0xa3002038	.data	LINK_DEPENDENT
stateless_guest	blm_k11_3_1	0xa3002068	.data	LINK_DEPENDENT
stateless_guest	blm_k11_3_2	0xa3002098	.data	LINK_DEPENDENT
stateless_guest	blm_k11_3_3	0xa30020c8	.data	LINK_DEPENDENT
stateless_guest	blm_k11_3_4	0xa30020f8	.data	LINK_DEPENDENT
stateless_guest	blm_k11_3_5	0xa3002128	.data	LINK_DEPENDENT
stateless_guest	blm_k11_3_6	0xa3002158	.data	LINK_DEPENDENT
stateless_guest	blm_k11_3_7	0xa3002188	.data	LINK_DEPENDENT
stateless_guest	blm_k11_3_8	0xa30021b8	.data	LINK_DEPENDENT
stateless_guest	blm_k11_3_9	0xa30021e8	.data	LINK_DEPENDENT
stateless_guest	blm_k11_3_10	0xa3002218	.data	LINK_DEPENDENT
stateless_guest	blm_k11_3_11	0xa3002248	.data	LINK_DEPENDENT
stateless_guest	blm_k11_3_12	0xa3002278	.data	LINK_DEPENDENT
stateless_guest	blm_k11_3_13	0xa30022a8	.data	LINK_DEPENDENT
stateless_guest	blm_k11_3_14	0xa30022d8	.data	LINK_DEPENDENT
stateless_guest	blm_k11_3_15	0xa3002308	.data	LINK_DEPENDENT
stateless_guest	blm_iso3_a	0xa3002338	.data	LINK_DEPENDENT
stateless_guest	blm_iso3_b	0xa3002398	.data	LINK_DEPENDENT
stateless_guest	blm_iso3_z	0xa30023f8	.data	LINK_DEPENDENT
stateless_guest	blm_eta_0	0xa3002458	.data	LINK_DEPENDENT
stateless_guest	blm_eta_1	0xa30024b8	.data	LINK_DEPENDENT
stateless_guest	blm_eta_2	0xa3002518	.data	LINK_DEPENDENT
stateless_guest	blm_eta_3	0xa3002578	.data	LINK_DEPENDENT
stateless_guest	blm_root8_0	0xa30025d8	.data	LINK_DEPENDENT
stateless_guest	blm_root8_1	0xa3002638	.data	LINK_DEPENDENT
stateless_guest	blm_root8_2	0xa3002698	.data	LINK_DEPENDENT
stateless_guest	blm_root8_3	0xa30026f8	.data	LINK_DEPENDENT
stateless_guest	blm_pm9d16	0xa3002758	.data	LINK_DEPENDENT
stateless_guest	blm_k3_0_0	0xa30027b8	.data	LINK_DEPENDENT
stateless_guest	blm_k3_0_1	0xa3002818	.data	LINK_DEPENDENT
stateless_guest	blm_k3_0_2	0xa3002878	.data	LINK_DEPENDENT
stateless_guest	blm_k3_0_3	0xa30028d8	.data	LINK_DEPENDENT
stateless_guest	blm_k3_1_0	0xa3002938	.data	LINK_DEPENDENT
stateless_guest	blm_k3_1_1	0xa3002998	.data	LINK_DEPENDENT
stateless_guest	blm_k3_1_2	0xa30029f8	.data	LINK_DEPENDENT
stateless_guest	blm_k3_1_3	0xa3002a58	.data	LINK_DEPENDENT
stateless_guest	blm_k3_2_0	0xa3002ab8	.data	LINK_DEPENDENT
stateless_guest	blm_k3_2_1	0xa3002b18	.data	LINK_DEPENDENT
stateless_guest	blm_k3_2_2	0xa3002b78	.data	LINK_DEPENDENT
stateless_guest	blm_k3_2_3	0xa3002bd8	.data	LINK_DEPENDENT
stateless_guest	blm_k3_3_0	0xa3002c38	.data	LINK_DEPENDENT
stateless_guest	blm_k3_3_1	0xa3002c98	.data	LINK_DEPENDENT
stateless_guest	blm_k3_3_2	0xa3002cf8	.data	LINK_DEPENDENT
stateless_guest	blm_k3_3_3	0xa3002d58	.data	LINK_DEPENDENT
stateless_guest	blm_heff_g2	0xa3002db8	.data	LINK_DEPENDENT
stateless_guest	blsk_qp1d4_be	0xa3002e08	.data	LINK_DEPENDENT
stateless_guest	blsk_phalf_be	0xa3002e38	.data	LINK_DEPENDENT
stateless_guest	blsk_n_le	0xa3002e68	.data	LINK_DEPENDENT
stateless_guest	blsk_nm1_le	0xa3002e98	.data	LINK_DEPENDENT
stateless_guest	blsk_g1gen_be	0xa3002ec8	.data	LINK_DEPENDENT
stateless_guest	blsk_g2gen_le	0xa3002f28	.data	LINK_DEPENDENT
stateless_guest	blsk_tau2_le	0xa3002fe8	.data	LINK_DEPENDENT
stateless_guest	blsk_negg2_wire	0xa30030a8	.data	LINK_DEPENDENT
stateless_guest	blsk_negn_params	0xa30031a8	.data	LINK_DEPENDENT
stateless_guest	blk2_iv	0xa30031d0	.data	LINK_DEPENDENT
stateless_guest	blk2_params	0xa3003210	.data	LINK_DEPENDENT
stateless_guest	p256_p_be	0xa3003228	.data	LINK_DEPENDENT
stateless_guest	p256_n_be	0xa3003248	.data	LINK_DEPENDENT
stateless_guest	p256_a_be	0xa3003268	.data	LINK_DEPENDENT
stateless_guest	p256_b_be	0xa3003288	.data	LINK_DEPENDENT
stateless_guest	p256_one_be	0xa30032a8	.data	LINK_DEPENDENT
stateless_guest	p256_pm2_be	0xa30032c8	.data	LINK_DEPENDENT
stateless_guest	p256_nm2_be	0xa30032e8	.data	LINK_DEPENDENT
stateless_guest	p256_gen_be	0xa3003308	.data	LINK_DEPENDENT
stateless_guest	p256_le_one	0xa3003348	.data	LINK_DEPENDENT
stateless_guest	p256_le_p	0xa3003368	.data	LINK_DEPENDENT
stateless_guest	p256_le_n	0xa3003388	.data	LINK_DEPENDENT
stateless_guest	p256_le_pm1	0xa30033a8	.data	LINK_DEPENDENT
stateless_guest	p256_pb_mul_p	0xa30033c8	.data	LINK_DEPENDENT
stateless_guest	p256_pb_add_p	0xa30033f0	.data	LINK_DEPENDENT
stateless_guest	p256_pb_sub_p	0xa3003418	.data	LINK_DEPENDENT
stateless_guest	p256_pb_mul_n	0xa3003440	.data	LINK_DEPENDENT
stateless_guest	bnp_p_minus_2_le	0xa3003468	.data	LINK_DEPENDENT
stateless_guest	bnp_p_minus_1_le	0xa3003488	.data	LINK_DEPENDENT
stateless_guest	bnq_exp_final_le	0xa30034a8	.data	LINK_DEPENDENT
stateless_guest	bnq_exp_p12m2_le	0xa3003608	.data	LINK_DEPENDENT
stateless_guest	bnq_exp_p_le	0xa3003788	.data	LINK_DEPENDENT
stateless_guest	bnq_order_le	0xa30037a8	.data	LINK_DEPENDENT
stateless_guest	bnq_le_18	0xa30037c8	.data	LINK_DEPENDENT
stateless_guest	bnq_le_pm82	0xa30037e8	.data	LINK_DEPENDENT
stateless_guest	bnq_le_pm9	0xa3003808	.data	LINK_DEPENDENT
stateless_guest	bnq_le_2	0xa3003828	.data	LINK_DEPENDENT
stateless_guest	bnq_le_3	0xa3003848	.data	LINK_DEPENDENT
stateless_guest	bnq_le_4	0xa3003868	.data	LINK_DEPENDENT
stateless_guest	bnq_le_8	0xa3003888	.data	LINK_DEPENDENT
stateless_guest	bnq_twist_b2_le	0xa30038a8	.data	LINK_DEPENDENT
stateless_guest	bnq_pbe	0xa30038e8	.data	LINK_DEPENDENT
stateless_guest	current_block_access_index	0xa3003928	.data	LINK_DEPENDENT
stateless_guest	evm_sparse_memory_next_epoch	0xa3003930	.data	LINK_DEPENDENT
stateless_guest	eip7708_transfer_topic	0xa3003938	.data	LINK_DEPENDENT
stateless_guest	eip7708_burn_topic	0xa3003958	.data	LINK_DEPENDENT
stateless_guest	ripemd_rho	0xa3003978	.data	LINK_DEPENDENT
stateless_guest	ripemd_shift	0xa3003a18	.data	LINK_DEPENDENT
stateless_guest	ripemd_k	0xa3003ab8	.data	LINK_DEPENDENT
stateless_guest	eahsr_empty_code_hash	0xa3003ae0	.data	LINK_DEPENDENT
stateless_guest	ecc_empty_code_hash	0xa3003b00	.data	LINK_DEPENDENT
stateless_guest	hcon_empty_trie_root	0xa3003b20	.data	LINK_DEPENDENT
stateless_guest	hcon_empty_code_hash	0xa3003b40	.data	LINK_DEPENDENT
stateless_guest	evm_cur_stack_top	0xa3003b60	.data	LINK_DEPENDENT
stateless_guest	evm_cur_stack_low	0xa3003b68	.data	LINK_DEPENDENT
stateless_guest	bls12_g1_msm_discount_table	0xa3003b70	.data	LINK_DEPENDENT
stateless_guest	bls12_g2_msm_discount_table	0xa3003f70	.data	LINK_DEPENDENT
stateless_guest	opcode_gas_costs	0xa3004370	.data	LINK_DEPENDENT
stateless_guest	opcode_handlers	0xa3004b70	.data	LINK_DEPENDENT
stateless_guest	__SDATA_BEGIN__	0xa3005370	?	LINK_DEPENDENT
stateless_guest	_edata	0xa3005370	?	LINK_DEPENDENT
stateless_guest	__bss_start	0xa3005380	?	LINK_DEPENDENT
stateless_guest	__global_pointer$	0xa3005b70	?	LINK_DEPENDENT
stateless_guest	widx_enabled	0xa3110000	.bss	LINK_DEPENDENT
stateless_guest	widx_section_ptr	0xa3110008	.bss	LINK_DEPENDENT
stateless_guest	widx_section_len	0xa3110010	.bss	LINK_DEPENDENT
stateless_guest	widx_count	0xa3110018	.bss	LINK_DEPENDENT
stateless_guest	widx_build_status	0xa3110020	.bss	LINK_DEPENDENT
stateless_guest	widx_build_section_len	0xa3110028	.bss	LINK_DEPENDENT
stateless_guest	widx_build_count	0xa3110030	.bss	LINK_DEPENDENT
stateless_guest	wlh_lookup_calls	0xa3110038	.bss	LINK_DEPENDENT
stateless_guest	wlh_indexed_calls	0xa3110040	.bss	LINK_DEPENDENT
stateless_guest	wlh_indexed_hits	0xa3110048	.bss	LINK_DEPENDENT
stateless_guest	wlh_indexed_misses	0xa3110050	.bss	LINK_DEPENDENT
stateless_guest	wlh_linear_calls	0xa3110058	.bss	LINK_DEPENDENT
stateless_guest	wlh_linear_hits	0xa3110060	.bss	LINK_DEPENDENT
stateless_guest	wlh_linear_misses	0xa3110068	.bss	LINK_DEPENDENT
stateless_guest	wlh_linear_iterations	0xa3110070	.bss	LINK_DEPENDENT
stateless_guest	wlh_linear_last_section_len	0xa3110078	.bss	LINK_DEPENDENT
stateless_guest	wlh_linear_max_section_len	0xa3110080	.bss	LINK_DEPENDENT
stateless_guest	widx_records	0xa3110088	.bss	LINK_DEPENDENT
stateless_guest	wcidx_enabled	0xa3710088	.bss	LINK_DEPENDENT
stateless_guest	wcidx_section_ptr	0xa3710090	.bss	LINK_DEPENDENT
stateless_guest	wcidx_section_len	0xa3710098	.bss	LINK_DEPENDENT
stateless_guest	wcidx_count	0xa37100a0	.bss	LINK_DEPENDENT
stateless_guest	wcidx_build_status	0xa37100a8	.bss	LINK_DEPENDENT
stateless_guest	wcidx_build_section_len	0xa37100b0	.bss	LINK_DEPENDENT
stateless_guest	wcidx_build_count	0xa37100b8	.bss	LINK_DEPENDENT
stateless_guest	wclh_lookup_calls	0xa37100c0	.bss	LINK_DEPENDENT
stateless_guest	wclh_indexed_calls	0xa37100c8	.bss	LINK_DEPENDENT
stateless_guest	wclh_indexed_hits	0xa37100d0	.bss	LINK_DEPENDENT
stateless_guest	wclh_indexed_misses	0xa37100d8	.bss	LINK_DEPENDENT
stateless_guest	wclh_linear_calls	0xa37100e0	.bss	LINK_DEPENDENT
stateless_guest	wclh_linear_hits	0xa37100e8	.bss	LINK_DEPENDENT
stateless_guest	wclh_linear_misses	0xa37100f0	.bss	LINK_DEPENDENT
stateless_guest	wclh_linear_iterations	0xa37100f8	.bss	LINK_DEPENDENT
stateless_guest	wclh_linear_last_section_len	0xa3710100	.bss	LINK_DEPENDENT
stateless_guest	wclh_linear_max_section_len	0xa3710108	.bss	LINK_DEPENDENT
stateless_guest	wcidx_records	0xa3710110	.bss	LINK_DEPENDENT
stateless_guest	modexp_bn_base	0xa3d10110	.bss	LINK_DEPENDENT
stateless_guest	modexp_bn_exp	0xa3d10910	.bss	LINK_DEPENDENT
stateless_guest	modexp_bn_mod	0xa3d11110	.bss	LINK_DEPENDENT
stateless_guest	modexp_bn_result	0xa3d11910	.bss	LINK_DEPENDENT
stateless_guest	modexp_bn_product	0xa3d12110	.bss	LINK_DEPENDENT
stateless_guest	modexp_bn_remainder	0xa3d13110	.bss	LINK_DEPENDENT
stateless_guest	sha256_w_state	0xa3d13918	.bss	LINK_DEPENDENT
stateless_guest	sha256_w_input	0xa3d13938	.bss	LINK_DEPENDENT
stateless_guest	ssz_merkleize_partial	0xa3d13980	.bss	LINK_DEPENDENT
stateless_guest	ssz_hb_partial	0xa3d139c0	.bss	LINK_DEPENDENT
stateless_guest	ssz_hb_mix	0xa3d139e0	.bss	LINK_DEPENDENT
stateless_guest	ssz_ltb_partial	0xa3d13a20	.bss	LINK_DEPENDENT
stateless_guest	ssz_ltb_mix	0xa3d13a40	.bss	LINK_DEPENDENT
stateless_guest	ssz_ew_field_roots	0xa3d13a80	.bss	LINK_DEPENDENT
stateless_guest	npr_dynamic_tx_root	0xa3d13ae0	.bss	LINK_DEPENDENT
stateless_guest	npr_dynamic_bal_root	0xa3d13b00	.bss	LINK_DEPENDENT
stateless_guest	npr_lb_node_45_scratch	0xa3d13b20	.bss	LINK_DEPENDENT
stateless_guest	npr_lb_node_67_scratch	0xa3d13b40	.bss	LINK_DEPENDENT
stateless_guest	npr_vh_partial	0xa3d13b60	.bss	LINK_DEPENDENT
stateless_guest	npr_versioned_hashes_dyn	0xa3d13b80	.bss	LINK_DEPENDENT
stateless_guest	wd_child_roots	0xa3d13ba0	.bss	LINK_DEPENDENT
stateless_guest	wd_node_a	0xa3d13da0	.bss	LINK_DEPENDENT
stateless_guest	wd_node_b	0xa3d13dc0	.bss	LINK_DEPENDENT
stateless_guest	wd_partial	0xa3d13de0	.bss	LINK_DEPENDENT
stateless_guest	npr_dynamic_wd_root	0xa3d13e00	.bss	LINK_DEPENDENT
stateless_guest	bv_buf	0xa3d13e20	.bss	LINK_DEPENDENT
stateless_guest	er_leaf_buf	0xa3d13e80	.bss	LINK_DEPENDENT
stateless_guest	er_clist_partial	0xa3d13f80	.bss	LINK_DEPENDENT
stateless_guest	er_outer_buf	0xa3d13fa0	.bss	LINK_DEPENDENT
stateless_guest	npr_exec_requests_dyn	0xa3d14000	.bss	LINK_DEPENDENT
stateless_guest	sg_header_lengths	0xa3d14020	.bss	LINK_DEPENDENT
stateless_guest	sg_kpr_valid	0xa3d14820	.bss	LINK_DEPENDENT
stateless_guest	sg_kpr_bad_index	0xa3d14828	.bss	LINK_DEPENDENT
stateless_guest	sg_contig_valid	0xa3d14830	.bss	LINK_DEPENDENT
stateless_guest	vphl_offset	0xa3d14838	.bss	LINK_DEPENDENT
stateless_guest	vphl_length	0xa3d14840	.bss	LINK_DEPENDENT
stateless_guest	vphl_claimed	0xa3d14860	.bss	LINK_DEPENDENT
stateless_guest	vphl_computed	0xa3d14880	.bss	LINK_DEPENDENT
stateless_guest	cvpmf_field	0xa3d148a0	.bss	LINK_DEPENDENT
stateless_guest	cvpmf_offset	0xa3d148a8	.bss	LINK_DEPENDENT
stateless_guest	cvpmf_length	0xa3d148b0	.bss	LINK_DEPENDENT
stateless_guest	cvpmf_iter_ptr	0xa3d148b8	.bss	LINK_DEPENDENT
stateless_guest	cvpmf_iter_i	0xa3d148c0	.bss	LINK_DEPENDENT
stateless_guest	cvedl_offset	0xa3d148c8	.bss	LINK_DEPENDENT
stateless_guest	cvedl_length	0xa3d148d0	.bss	LINK_DEPENDENT
stateless_guest	cvedl_iter_ptr	0xa3d148d8	.bss	LINK_DEPENDENT
stateless_guest	cvedl_iter_i	0xa3d148e0	.bss	LINK_DEPENDENT
stateless_guest	cvgul_gas_used	0xa3d148e8	.bss	LINK_DEPENDENT
stateless_guest	cvgul_gas_limit	0xa3d148f0	.bss	LINK_DEPENDENT
stateless_guest	cvgul_iter_ptr	0xa3d148f8	.bss	LINK_DEPENDENT
stateless_guest	cvgul_iter_i	0xa3d14900	.bss	LINK_DEPENDENT
stateless_guest	cvbgm_field	0xa3d14908	.bss	LINK_DEPENDENT
stateless_guest	cvbgm_iter_ptr	0xa3d14910	.bss	LINK_DEPENDENT
stateless_guest	cvbgm_iter_i	0xa3d14918	.bss	LINK_DEPENDENT
stateless_guest	cvbgum_field	0xa3d14920	.bss	LINK_DEPENDENT
stateless_guest	cvbgum_iter_ptr	0xa3d14928	.bss	LINK_DEPENDENT
stateless_guest	cvbgum_iter_i	0xa3d14930	.bss	LINK_DEPENDENT
stateless_guest	cvit_ts	0xa3d14938	.bss	LINK_DEPENDENT
stateless_guest	cvit_iter_child	0xa3d14940	.bss	LINK_DEPENDENT
stateless_guest	cvit_iter_i	0xa3d14948	.bss	LINK_DEPENDENT
stateless_guest	cvit_iter_prev	0xa3d14950	.bss	LINK_DEPENDENT
stateless_guest	cvcn_num	0xa3d14958	.bss	LINK_DEPENDENT
stateless_guest	cvcn_iter_child	0xa3d14960	.bss	LINK_DEPENDENT
stateless_guest	cvcn_iter_i	0xa3d14968	.bss	LINK_DEPENDENT
stateless_guest	cvcn_iter_prev	0xa3d14970	.bss	LINK_DEPENDENT
stateless_guest	npr_saved_output	0xa3d14978	.bss	LINK_DEPENDENT
stateless_guest	npr_sha_input	0xa3d149e8	.bss	LINK_DEPENDENT
stateless_guest	npr_sha_subtree	0xa3d14a28	.bss	LINK_DEPENDENT
stateless_guest	npr_exec_payload_root	0xa3d14a48	.bss	LINK_DEPENDENT
stateless_guest	npr_left_subtree_scratch	0xa3d14a68	.bss	LINK_DEPENDENT
stateless_guest	npr_node_16_17_scratch	0xa3d14a88	.bss	LINK_DEPENDENT
stateless_guest	npr_node_0_15_scratch	0xa3d14aa8	.bss	LINK_DEPENDENT
stateless_guest	npr_node_4_5_scratch	0xa3d14ac8	.bss	LINK_DEPENDENT
stateless_guest	npr_node_8_15_scratch	0xa3d14ae8	.bss	LINK_DEPENDENT
stateless_guest	npr_node_0_3_scratch	0xa3d14b08	.bss	LINK_DEPENDENT
stateless_guest	npr_node_2_3_scratch	0xa3d14b28	.bss	LINK_DEPENDENT
stateless_guest	npr_leaf_10_extra_data_scratch	0xa3d14b48	.bss	LINK_DEPENDENT
stateless_guest	npr_node_10_11_scratch	0xa3d14b68	.bss	LINK_DEPENDENT
stateless_guest	npr_saved_mtvec	0xa3d14b88	.bss	LINK_DEPENDENT
stateless_guest	npr_node_12_13_scratch	0xa3d14b90	.bss	LINK_DEPENDENT
stateless_guest	npr_node_12_15_scratch	0xa3d14bb0	.bss	LINK_DEPENDENT
stateless_guest	npr_node_14_15_scratch	0xa3d14bd0	.bss	LINK_DEPENDENT
stateless_guest	npr_leaf_4_logs_bloom_scratch	0xa3d14bf0	.bss	LINK_DEPENDENT
stateless_guest	npr_logs_bloom_node_2_3_scratch	0xa3d14c10	.bss	LINK_DEPENDENT
stateless_guest	secf_tmp0	0xa3d14c30	.bss	LINK_DEPENDENT
stateless_guest	secf_cmp	0xa3d14c50	.bss	LINK_DEPENDENT
stateless_guest	secf_pow_result	0xa3d14c58	.bss	LINK_DEPENDENT
stateless_guest	secf_pow_base	0xa3d14c78	.bss	LINK_DEPENDENT
stateless_guest	secf_pow_verify	0xa3d14c98	.bss	LINK_DEPENDENT
stateless_guest	secf_recover_cmp	0xa3d14cb8	.bss	LINK_DEPENDENT
stateless_guest	secf_recover_t	0xa3d14cc0	.bss	LINK_DEPENDENT
stateless_guest	secf_recover_rhs	0xa3d14ce0	.bss	LINK_DEPENDENT
stateless_guest	tpr_R	0xa3d14d00	.bss	LINK_DEPENDENT
stateless_guest	tpr_e	0xa3d14d40	.bss	LINK_DEPENDENT
stateless_guest	tpr_nege	0xa3d14d60	.bss	LINK_DEPENDENT
stateless_guest	tpr_rinv	0xa3d14d80	.bss	LINK_DEPENDENT
stateless_guest	tpr_u1	0xa3d14da0	.bss	LINK_DEPENDENT
stateless_guest	tpr_u2	0xa3d14dc0	.bss	LINK_DEPENDENT
stateless_guest	tpr_p1	0xa3d14de0	.bss	LINK_DEPENDENT
stateless_guest	tpr_p2	0xa3d14e20	.bss	LINK_DEPENDENT
stateless_guest	tps_type	0xa3d14e60	.bss	LINK_DEPENDENT
stateless_guest	tps_inner_off	0xa3d14e68	.bss	LINK_DEPENDENT
stateless_guest	tps_v	0xa3d14e70	.bss	LINK_DEPENDENT
stateless_guest	tps_cmp	0xa3d14e78	.bss	LINK_DEPENDENT
stateless_guest	tlxs_offset	0xa3d14e80	.bss	LINK_DEPENDENT
stateless_guest	tlxs_length	0xa3d14e88	.bss	LINK_DEPENDENT
stateless_guest	txes_offset	0xa3d14e90	.bss	LINK_DEPENDENT
stateless_guest	txes_length	0xa3d14e98	.bss	LINK_DEPENDENT
stateless_guest	t29es_offset	0xa3d14ea0	.bss	LINK_DEPENDENT
stateless_guest	t29es_length	0xa3d14ea8	.bss	LINK_DEPENDENT
stateless_guest	t44es_offset	0xa3d14eb0	.bss	LINK_DEPENDENT
stateless_guest	t44es_length	0xa3d14eb8	.bss	LINK_DEPENDENT
stateless_guest	t77es_offset	0xa3d14ec0	.bss	LINK_DEPENDENT
stateless_guest	t77es_length	0xa3d14ec8	.bss	LINK_DEPENDENT
stateless_guest	tsh_buf	0xa3d14ed0	.bss	LINK_DEPENDENT
stateless_guest	tsh_trunc_len	0xa3d34ed0	.bss	LINK_DEPENDENT
stateless_guest	rltn_offset_lo	0xa3d34ed8	.bss	LINK_DEPENDENT
stateless_guest	rltn_length_lo	0xa3d34ee0	.bss	LINK_DEPENDENT
stateless_guest	rltn_offset_hi	0xa3d34ee8	.bss	LINK_DEPENDENT
stateless_guest	rltn_length_hi	0xa3d34ef0	.bss	LINK_DEPENDENT
stateless_guest	rltn_prefix_len	0xa3d34ef8	.bss	LINK_DEPENDENT
stateless_guest	t155_buf	0xa3d34f00	.bss	LINK_DEPENDENT
stateless_guest	t155_offset_lo	0xa3d54f00	.bss	LINK_DEPENDENT
stateless_guest	t155_length_lo	0xa3d54f08	.bss	LINK_DEPENDENT
stateless_guest	t155_offset_hi	0xa3d54f10	.bss	LINK_DEPENDENT
stateless_guest	t155_length_hi	0xa3d54f18	.bss	LINK_DEPENDENT
stateless_guest	t155_chain_be	0xa3d54f20	.bss	LINK_DEPENDENT
stateless_guest	t155_chain_enc	0xa3d54f28	.bss	LINK_DEPENDENT
stateless_guest	t155_prefix_len	0xa3d54f38	.bss	LINK_DEPENDENT
stateless_guest	bv_chain_id	0xa3d54f40	.bss	LINK_DEPENDENT
stateless_guest	vpks_pubkey_out	0xa3d54f48	.bss	LINK_DEPENDENT
stateless_guest	vpks_scratch	0xa3d54f88	.bss	LINK_DEPENDENT
stateless_guest	cig_type	0xa3d550c0	.bss	LINK_DEPENDENT
stateless_guest	cig_inner_off	0xa3d550c8	.bss	LINK_DEPENDENT
stateless_guest	cig_off	0xa3d550d0	.bss	LINK_DEPENDENT
stateless_guest	cig_len	0xa3d550d8	.bss	LINK_DEPENDENT
stateless_guest	zk3_state	0xa3d550e0	.bss	LINK_DEPENDENT
stateless_guest	wlh_scratch_hash	0xa3d551c0	.bss	LINK_DEPENDENT
stateless_guest	mnk_dummy_offset	0xa3d551e0	.bss	LINK_DEPENDENT
stateless_guest	mnk_dummy_length	0xa3d551e8	.bss	LINK_DEPENDENT
stateless_guest	mnk_path_offset	0xa3d551f0	.bss	LINK_DEPENDENT
stateless_guest	mnk_path_length	0xa3d551f8	.bss	LINK_DEPENDENT
stateless_guest	mbc_offset	0xa3d55200	.bss	LINK_DEPENDENT
stateless_guest	mbc_length	0xa3d55208	.bss	LINK_DEPENDENT
stateless_guest	mw_lookup_hash	0xa3d55220	.bss	LINK_DEPENDENT
stateless_guest	mw_lookup_offset	0xa3d55240	.bss	LINK_DEPENDENT
stateless_guest	mw_lookup_length	0xa3d55248	.bss	LINK_DEPENDENT
stateless_guest	mw_child_buf	0xa3d55260	.bss	LINK_DEPENDENT
stateless_guest	mw_path_offset	0xa3d55280	.bss	LINK_DEPENDENT
stateless_guest	mw_path_length	0xa3d55288	.bss	LINK_DEPENDENT
stateless_guest	mw_child_offset	0xa3d55290	.bss	LINK_DEPENDENT
stateless_guest	mw_child_length	0xa3d55298	.bss	LINK_DEPENDENT
stateless_guest	mw_value_offset	0xa3d552a0	.bss	LINK_DEPENDENT
stateless_guest	mw_value_length	0xa3d552a8	.bss	LINK_DEPENDENT
stateless_guest	mw_nibble_count	0xa3d552b0	.bss	LINK_DEPENDENT
stateless_guest	mw_is_leaf	0xa3d552b8	.bss	LINK_DEPENDENT
stateless_guest	mw_nibble_buf	0xa3d552c0	.bss	LINK_DEPENDENT
stateless_guest	mlnen_field_len	0xa3d55ac0	.bss	LINK_DEPENDENT
stateless_guest	mlnen_hp_len	0xa3d55ac8	.bss	LINK_DEPENDENT
stateless_guest	mlnen_cursor	0xa3d55ad0	.bss	LINK_DEPENDENT
stateless_guest	mlnen_total_payload	0xa3d55ad8	.bss	LINK_DEPENDENT
stateless_guest	mlnen_hp_buf	0xa3d55ae0	.bss	LINK_DEPENDENT
stateless_guest	mlnen_payload_buf	0xa3d55ee0	.bss	LINK_DEPENDENT
stateless_guest	mset_span_start	0xa3e55ee0	.bss	LINK_DEPENDENT
stateless_guest	mset_span_size	0xa3e55ee8	.bss	LINK_DEPENDENT
stateless_guest	mset_payload_start	0xa3e55ef0	.bss	LINK_DEPENDENT
stateless_guest	mset_head_len	0xa3e55ef8	.bss	LINK_DEPENDENT
stateless_guest	mset_tail_start	0xa3e55f00	.bss	LINK_DEPENDENT
stateless_guest	mset_tail_len	0xa3e55f08	.bss	LINK_DEPENDENT
stateless_guest	mset_new_payload_len	0xa3e55f10	.bss	LINK_DEPENDENT
stateless_guest	mset_prefix_len	0xa3e55f18	.bss	LINK_DEPENDENT
stateless_guest	mset_cursor	0xa3e55f20	.bss	LINK_DEPENDENT
stateless_guest	mset_node_len	0xa3e55f28	.bss	LINK_DEPENDENT
stateless_guest	mset_ref_len	0xa3e55f30	.bss	LINK_DEPENDENT
stateless_guest	mset_meta	0xa3e55f38	.bss	LINK_DEPENDENT
stateless_guest	mset_stack	0xa3e55f58	.bss	LINK_DEPENDENT
stateless_guest	mset_ref	0xa3e56758	.bss	LINK_DEPENDENT
stateless_guest	mset_node	0xa3e56798	.bss	LINK_DEPENDENT
stateless_guest	mset_db_count	0xa3e56f98	.bss	LINK_DEPENDENT
stateless_guest	mset_db_top	0xa3e56fa0	.bss	LINK_DEPENDENT
stateless_guest	mset_res_off	0xa3e56fa8	.bss	LINK_DEPENDENT
stateless_guest	mset_res_len	0xa3e56fb0	.bss	LINK_DEPENDENT
stateless_guest	mset_rw_ptr	0xa3e56fb8	.bss	LINK_DEPENDENT
stateless_guest	mset_rw_len	0xa3e56fc0	.bss	LINK_DEPENDENT
stateless_guest	mset_db_hash	0xa3e56fe0	.bss	LINK_DEPENDENT
stateless_guest	mset_res_cache_valid	0xa3e57000	.bss	LINK_DEPENDENT
stateless_guest	mset_res_cache_data	0xa3e5f000	.bss	LINK_DEPENDENT
stateless_guest	mset_tmproot	0xa3e8f000	.bss	LINK_DEPENDENT
stateless_guest	mset_db_data	0xa3e8f020	.bss	LINK_DEPENDENT
stateless_guest	mset_dr_root	0xa468f020	.bss	LINK_DEPENDENT
stateless_guest	mset_dr_changes	0xa468f040	.bss	LINK_DEPENDENT
stateless_guest	rfu_offset	0xa468f840	.bss	LINK_DEPENDENT
stateless_guest	rfu_length	0xa468f848	.bss	LINK_DEPENDENT
stateless_guest	wd_offset	0xa468f850	.bss	LINK_DEPENDENT
stateless_guest	wd_length	0xa468f858	.bss	LINK_DEPENDENT
stateless_guest	u256m_acc	0xa468f860	.bss	LINK_DEPENDENT
stateless_guest	wtpd_struct	0xa468f888	.bss	LINK_DEPENDENT
stateless_guest	wtpd_hash	0xa468f8c0	.bss	LINK_DEPENDENT
stateless_guest	aab_bal_off	0xa468f8e0	.bss	LINK_DEPENDENT
stateless_guest	aab_bal_len	0xa468f8e8	.bss	LINK_DEPENDENT
stateless_guest	aab_enc_len	0xa468f8f0	.bss	LINK_DEPENDENT
stateless_guest	aab_bal32	0xa468f900	.bss	LINK_DEPENDENT
stateless_guest	aab_enc	0xa468f920	.bss	LINK_DEPENDENT
stateless_guest	ws_acct_len	0xa468f960	.bss	LINK_DEPENDENT
stateless_guest	ws_newacct_len	0xa468f968	.bss	LINK_DEPENDENT
stateless_guest	ws_delta	0xa468f980	.bss	LINK_DEPENDENT
stateless_guest	ws_acct	0xa468f9a0	.bss	LINK_DEPENDENT
stateless_guest	ws_wds	0xa468faa0	.bss	LINK_DEPENDENT
stateless_guest	ws_path	0xa468fea0	.bss	LINK_DEPENDENT
stateless_guest	ws_changes	0xa4690ea0	.bss	LINK_DEPENDENT
stateless_guest	ws_newacct	0xa46916a0	.bss	LINK_DEPENDENT
stateless_guest	hvbf_expected	0xa46936a0	.bss	LINK_DEPENDENT
stateless_guest	hvebg_threshold	0xa46936c0	.bss	LINK_DEPENDENT
stateless_guest	hvpm_off	0xa46936e0	.bss	LINK_DEPENDENT
stateless_guest	hvpm_len	0xa46936e8	.bss	LINK_DEPENDENT
stateless_guest	hved_off	0xa46936f0	.bss	LINK_DEPENDENT
stateless_guest	hved_len	0xa46936f8	.bss	LINK_DEPENDENT
stateless_guest	hmd_offset	0xa4693700	.bss	LINK_DEPENDENT
stateless_guest	hmd_length	0xa4693708	.bss	LINK_DEPENDENT
stateless_guest	hvph_claimed	0xa4693720	.bss	LINK_DEPENDENT
stateless_guest	hvph_computed	0xa4693740	.bss	LINK_DEPENDENT
stateless_guest	vhrp_this_struct	0xa4693760	.bss	LINK_DEPENDENT
stateless_guest	vhrp_parent_struct	0xa46937f0	.bss	LINK_DEPENDENT
stateless_guest	bhr_zero8	0xa4693880	.bss	LINK_DEPENDENT
stateless_guest	bhr_flen	0xa4693888	.bss	LINK_DEPENDENT
stateless_guest	bhr_prefix_len	0xa4693890	.bss	LINK_DEPENDENT
stateless_guest	bhr_uint_be	0xa46938a0	.bss	LINK_DEPENDENT
stateless_guest	bhr_result_len	0xa46938c0	.bss	LINK_DEPENDENT
stateless_guest	bhr_payload	0xa46938c8	.bss	LINK_DEPENDENT
stateless_guest	bhr_result	0xa4693cc8	.bss	LINK_DEPENDENT
stateless_guest	sv_this_rlp_len	0xa46940c8	.bss	LINK_DEPENDENT
stateless_guest	sv_recomputed	0xa46940e0	.bss	LINK_DEPENDENT
stateless_guest	sv_params	0xa4694100	.bss	LINK_DEPENDENT
stateless_guest	sv_wds	0xa4694168	.bss	LINK_DEPENDENT
stateless_guest	sv_this_rlp	0xa4694568	.bss	LINK_DEPENDENT
stateless_guest	hesr_offset	0xa4694968	.bss	LINK_DEPENDENT
stateless_guest	hesr_length	0xa4694970	.bss	LINK_DEPENDENT
stateless_guest	eph_off	0xa4694978	.bss	LINK_DEPENDENT
stateless_guest	eph_len	0xa4694980	.bss	LINK_DEPENDENT
stateless_guest	swr_flen	0xa4694988	.bss	LINK_DEPENDENT
stateless_guest	swr_prefix_len	0xa4694990	.bss	LINK_DEPENDENT
stateless_guest	swr_be	0xa4694998	.bss	LINK_DEPENDENT
stateless_guest	swr_payload	0xa46949a0	.bss	LINK_DEPENDENT
stateless_guest	svf_payload	0xa4694a20	.bss	LINK_DEPENDENT
stateless_guest	svf_wds_ptr	0xa4694a28	.bss	LINK_DEPENDENT
stateless_guest	svf_wds_count	0xa4694a30	.bss	LINK_DEPENDENT
stateless_guest	svf_witness	0xa4694a38	.bss	LINK_DEPENDENT
stateless_guest	svf_witness_len	0xa4694a40	.bss	LINK_DEPENDENT
stateless_guest	svf_parent_rlp	0xa4694a48	.bss	LINK_DEPENDENT
stateless_guest	svf_parent_rlp_len	0xa4694a50	.bss	LINK_DEPENDENT
stateless_guest	svf_wd_len	0xa4694a58	.bss	LINK_DEPENDENT
stateless_guest	svf_parent_sr	0xa4694a60	.bss	LINK_DEPENDENT
stateless_guest	svf_zero32	0xa4694a80	.bss	LINK_DEPENDENT
stateless_guest	svf_descriptors	0xa4694aa0	.bss	LINK_DEPENDENT
stateless_guest	svf_rlp_arena	0xa4694ba0	.bss	LINK_DEPENDENT
stateless_guest	evm_access_account_outcome_count	0xa4695020	.bss	LINK_DEPENDENT
stateless_guest	evm_access_account_outcomes	0xa4695040	.bss	LINK_DEPENDENT
stateless_guest	evm_storage_access_count	0xa4696040	.bss	LINK_DEPENDENT
stateless_guest	evm_storage_access_zero_address	0xa4696048	.bss	LINK_DEPENDENT
stateless_guest	evm_storage_access_keys	0xa4696068	.bss	LINK_DEPENDENT
stateless_guest	evm_storage_access_outcome_count	0xa4796068	.bss	LINK_DEPENDENT
stateless_guest	evm_storage_access_outcomes	0xa4796070	.bss	LINK_DEPENDENT
stateless_guest	erh_digests	0xa56f2360	.bss	LINK_DEPENDENT
stateless_guest	erh_requests_hash	0xa56f2400	.bss	LINK_DEPENDENT
stateless_guest	erh_blob	0xa56f2420	.bss	LINK_DEPENDENT
stateless_guest	svf_tx_root	0xa5872440	.bss	LINK_DEPENDENT
stateless_guest	svf_bal_hash	0xa5872460	.bss	LINK_DEPENDENT
stateless_guest	svf_withdrawals_root	0xa5872480	.bss	LINK_DEPENDENT
stateless_guest	bv_block_hash	0xa58724a0	.bss	LINK_DEPENDENT
stateless_guest	svf_tx_count	0xa58724c0	.bss	LINK_DEPENDENT
stateless_guest	svf_tx_descriptors	0xa58724c8	.bss	LINK_DEPENDENT
stateless_guest	bah_bal_start	0xa58977f8	.bss	LINK_DEPENDENT
stateless_guest	sltr_field_len	0xa5897800	.bss	LINK_DEPENDENT
stateless_guest	sltr_nibble_count	0xa5897808	.bss	LINK_DEPENDENT
stateless_guest	sltr_hp_len	0xa5897810	.bss	LINK_DEPENDENT
stateless_guest	sltr_cursor	0xa5897818	.bss	LINK_DEPENDENT
stateless_guest	sltr_total_payload	0xa5897820	.bss	LINK_DEPENDENT
stateless_guest	sltr_nibbles	0xa5897828	.bss	LINK_DEPENDENT
stateless_guest	sltr_hp_buf	0xa5898028	.bss	LINK_DEPENDENT
stateless_guest	sltr_payload_buf	0xa5898428	.bss	LINK_DEPENDENT
stateless_guest	sltr_node_buf	0xa589c428	.bss	LINK_DEPENDENT
stateless_guest	mtoli_nibbles	0xa58a0428	.bss	LINK_DEPENDENT
stateless_guest	mtoli_leaf_len	0xa58a0430	.bss	LINK_DEPENDENT
stateless_guest	mtoli_leaf_buf	0xa58a0438	.bss	LINK_DEPENDENT
stateless_guest	srss_key	0xa58a4440	.bss	LINK_DEPENDENT
stateless_guest	srss_rlpval	0xa58a4460	.bss	LINK_DEPENDENT
stateless_guest	srss_rlpval_len	0xa58a4488	.bss	LINK_DEPENDENT
stateless_guest	asr_ref	0xa58a4490	.bss	LINK_DEPENDENT
stateless_guest	aps_off	0xa58a44b8	.bss	LINK_DEPENDENT
stateless_guest	aps_len	0xa58a44c0	.bss	LINK_DEPENDENT
stateless_guest	aps_witness_ptr	0xa58a44c8	.bss	LINK_DEPENDENT
stateless_guest	aps_witness_len	0xa58a44d0	.bss	LINK_DEPENDENT
stateless_guest	aps_newsroot	0xa58a44e0	.bss	LINK_DEPENDENT
stateless_guest	aps_path	0xa58a4500	.bss	LINK_DEPENDENT
stateless_guest	swd_2935_slot	0xa58a4540	.bss	LINK_DEPENDENT
stateless_guest	swd_2935_val	0xa58a4560	.bss	LINK_DEPENDENT
stateless_guest	swd_4788_slot	0xa58a4580	.bss	LINK_DEPENDENT
stateless_guest	swd_4788_val	0xa58a45a0	.bss	LINK_DEPENDENT
stateless_guest	swd_4788_root_slot	0xa58a45c0	.bss	LINK_DEPENDENT
stateless_guest	swd_4788_root_val	0xa58a45e0	.bss	LINK_DEPENDENT
stateless_guest	swd_2935_vlen	0xa58a4600	.bss	LINK_DEPENDENT
stateless_guest	swd_4788_vlen	0xa58a4608	.bss	LINK_DEPENDENT
stateless_guest	swd_4788_root_vlen	0xa58a4610	.bss	LINK_DEPENDENT
stateless_guest	bv_eip4788_current_fast_seen	0xa58a4618	.bss	LINK_DEPENDENT
stateless_guest	swd_ts_be8	0xa58a4620	.bss	LINK_DEPENDENT
stateless_guest	bsr_root_p	0xa58a4628	.bss	LINK_DEPENDENT
stateless_guest	bsr_wit_p	0xa58a4630	.bss	LINK_DEPENDENT
stateless_guest	bsr_wl_v	0xa58a4638	.bss	LINK_DEPENDENT
stateless_guest	bsr_ssz_p	0xa58a4640	.bss	LINK_DEPENDENT
stateless_guest	bsr_bal_start	0xa58a4648	.bss	LINK_DEPENDENT
stateless_guest	bsr_bal_len	0xa58a4650	.bss	LINK_DEPENDENT
stateless_guest	bsr_bal_count	0xa58a4658	.bss	LINK_DEPENDENT
stateless_guest	bsr_exec_p	0xa58a4660	.bss	LINK_DEPENDENT
stateless_guest	bsr_tx_off	0xa58a4668	.bss	LINK_DEPENDENT
stateless_guest	bsr_pathp	0xa58a4670	.bss	LINK_DEPENDENT
stateless_guest	bsr_acct_len	0xa58a4678	.bss	LINK_DEPENDENT
stateless_guest	bsr_tmplen	0xa58a4680	.bss	LINK_DEPENDENT
stateless_guest	bsr_prev_desc	0xa58a4688	.bss	LINK_DEPENDENT
stateless_guest	bsr_prev_acct	0xa58a4690	.bss	LINK_DEPENDENT
stateless_guest	bsr_bal_item_ptr	0xa58a4698	.bss	LINK_DEPENDENT
stateless_guest	bsr_bal_item_len	0xa58a46a0	.bss	LINK_DEPENDENT
stateless_guest	bams_addr_ptr	0xa58a46a8	.bss	LINK_DEPENDENT
stateless_guest	bsr_kbuf	0xa58a46c0	.bss	LINK_DEPENDENT
stateless_guest	bsr_delta	0xa58a46e0	.bss	LINK_DEPENDENT
stateless_guest	bsr_acct	0xa58a4700	.bss	LINK_DEPENDENT
stateless_guest	bsr_paths	0xa58a4800	.bss	LINK_DEPENDENT
stateless_guest	bsr_newaccts	0xa58a4c80	.bss	LINK_DEPENDENT
stateless_guest	bsr_changes	0xa58a5580	.bss	LINK_DEPENDENT
stateless_guest	bsr_sort_ranges	0xa5c76150	.bss	LINK_DEPENDENT
stateless_guest	bsr_builder_frames	0xa5c7e150	.bss	LINK_DEPENDENT
stateless_guest	bsr_builder_node	0xa5c8e550	.bss	LINK_DEPENDENT
stateless_guest	bsr_builder_constructed_nodes	0xa5c8e950	.bss	LINK_DEPENDENT
stateless_guest	bsr_builder_constructed_refs	0xa5c9ed50	.bss	LINK_DEPENDENT
stateless_guest	bsr_builder_constructed_ref_lens	0xa5c9f570	.bss	LINK_DEPENDENT
stateless_guest	bsr_builder_constructed_node_lens	0xa5c9f778	.bss	LINK_DEPENDENT
stateless_guest	bsr_builder_result_ref	0xa5c9f980	.bss	LINK_DEPENDENT
stateless_guest	bsr_builder_result_len	0xa5c9f9a0	.bss	LINK_DEPENDENT
stateless_guest	bsr_changed_account_count	0xa5c9f9a8	.bss	LINK_DEPENDENT
stateless_guest	bsr_access_count	0xa5c9f9b0	.bss	LINK_DEPENDENT
stateless_guest	bsr_changed_accounts	0xa5c9f9c0	.bss	LINK_DEPENDENT
stateless_guest	baaod_hash	0xa5ca01c0	.bss	LINK_DEPENDENT
stateless_guest	bsaod_hash	0xa5ca01e0	.bss	LINK_DEPENDENT
stateless_guest	bsaod_empty_value	0xa5ca0200	.bss	LINK_DEPENDENT
stateless_guest	bsr_sys_has_2935	0xa5ca0208	.bss	LINK_DEPENDENT
stateless_guest	bsr_sys_has_4788	0xa5ca0210	.bss	LINK_DEPENDENT
stateless_guest	bsr_sys_acct	0xa5ca0218	.bss	LINK_DEPENDENT
stateless_guest	bsr_sys_slot_2935	0xa5ca0280	.bss	LINK_DEPENDENT
stateless_guest	bsr_sys_slot_4788	0xa5ca0288	.bss	LINK_DEPENDENT
stateless_guest	bgv_count	0xa5ca0290	.bss	LINK_DEPENDENT
stateless_guest	bgv_off	0xa5ca0298	.bss	LINK_DEPENDENT
stateless_guest	bgv_size	0xa5ca02a0	.bss	LINK_DEPENDENT
stateless_guest	bgv_acctlen	0xa5ca02a8	.bss	LINK_DEPENDENT
stateless_guest	bv_exec_p	0xa5ca02b0	.bss	LINK_DEPENDENT
stateless_guest	bv_npr_p	0xa5ca02b8	.bss	LINK_DEPENDENT
stateless_guest	bv_bal_start	0xa5ca02c0	.bss	LINK_DEPENDENT
stateless_guest	bv_bal_len	0xa5ca02c8	.bss	LINK_DEPENDENT
stateless_guest	bv_bal_shadow_status	0xa5ca02d0	.bss	LINK_DEPENDENT
stateless_guest	bv_bal_shadow_rebuilt_len	0xa5ca02d8	.bss	LINK_DEPENDENT
stateless_guest	bv_bal_shadow_supplied_len	0xa5ca02e0	.bss	LINK_DEPENDENT
stateless_guest	bv_bal_shadow_ready	0xa5ca02e8	.bss	LINK_DEPENDENT
stateless_guest	bv_block_gas_limit	0xa5ca02f0	.bss	LINK_DEPENDENT
stateless_guest	bv_bal_shadow_emit_storage_changes	0xa5ca02f8	.bss	LINK_DEPENDENT
stateless_guest	bv_bal_shadow_emit_storage_reads	0xa5ca0300	.bss	LINK_DEPENDENT
stateless_guest	bv_bal_shadow_emit_balance_changes	0xa5ca0308	.bss	LINK_DEPENDENT
stateless_guest	bv_bal_shadow_emit_nonce_changes	0xa5ca0310	.bss	LINK_DEPENDENT
stateless_guest	bv_bal_shadow_emit_code_changes	0xa5ca0318	.bss	LINK_DEPENDENT
stateless_guest	bald_bal_bit_set	0xa5ca0320	.bss	LINK_DEPENDENT
stateless_guest	bald_bal_differs	0xa5ca0328	.bss	LINK_DEPENDENT
stateless_guest	bald_bal_builder_count	0xa5ca0330	.bss	LINK_DEPENDENT
stateless_guest	bald_bal_cmp_attempts	0xa5ca0338	.bss	LINK_DEPENDENT
stateless_guest	bald_non_bit_set	0xa5ca0340	.bss	LINK_DEPENDENT
stateless_guest	bald_non_differs	0xa5ca0348	.bss	LINK_DEPENDENT
stateless_guest	bald_non_builder_count	0xa5ca0350	.bss	LINK_DEPENDENT
stateless_guest	bald_non_cmp_attempts	0xa5ca0358	.bss	LINK_DEPENDENT
stateless_guest	bald_bal_eq_bai_mask	0xa5ca0360	.bss	LINK_DEPENDENT
stateless_guest	bald_bal_ne_bai_mask	0xa5ca0368	.bss	LINK_DEPENDENT
stateless_guest	bald_bal_eq_val_lo	0xa5ca0370	.bss	LINK_DEPENDENT
stateless_guest	bald_bal_eq_val_hi	0xa5ca0378	.bss	LINK_DEPENDENT
stateless_guest	bald_non_eq_bai_mask	0xa5ca0380	.bss	LINK_DEPENDENT
stateless_guest	bald_non_ne_bai_mask	0xa5ca0388	.bss	LINK_DEPENDENT
stateless_guest	bald_non_eq_val_pre	0xa5ca0390	.bss	LINK_DEPENDENT
stateless_guest	bald_non_eq_val_post	0xa5ca0398	.bss	LINK_DEPENDENT
stateless_guest	bald_bal_eq_addr_a	0xa5ca03a0	.bss	LINK_DEPENDENT
stateless_guest	bald_bal_eq_addr_b	0xa5ca03a8	.bss	LINK_DEPENDENT
stateless_guest	bv_bal_shadow_scratch	0xa5ca03b0	.bss	LINK_DEPENDENT
stateless_guest	bv_tx_off	0xa5ca03d8	.bss	LINK_DEPENDENT
stateless_guest	bv_tx_list_ptr	0xa5ca03e0	.bss	LINK_DEPENDENT
stateless_guest	bv_tx_list_len	0xa5ca03e8	.bss	LINK_DEPENDENT
stateless_guest	bv_tx_count	0xa5ca03f0	.bss	LINK_DEPENDENT
stateless_guest	bv_tx_index	0xa5ca03f8	.bss	LINK_DEPENDENT
stateless_guest	bv_tx_item_start	0xa5ca0400	.bss	LINK_DEPENDENT
stateless_guest	bv_public_keys_ptr	0xa5ca0408	.bss	LINK_DEPENDENT
stateless_guest	bv_public_keys_len	0xa5ca0410	.bss	LINK_DEPENDENT
stateless_guest	bv_fail_code	0xa5ca0418	.bss	LINK_DEPENDENT
stateless_guest	bv_header_status	0xa5ca0420	.bss	LINK_DEPENDENT
stateless_guest	bv_state_status	0xa5ca0428	.bss	LINK_DEPENDENT
stateless_guest	bv_tx_root_status	0xa5ca0430	.bss	LINK_DEPENDENT
stateless_guest	bv_block_rlp_len	0xa5ca0438	.bss	LINK_DEPENDENT
stateless_guest	bv_blockhash_required_headers	0xa5ca0440	.bss	LINK_DEPENDENT
stateless_guest	bv_versioned_hashes_len	0xa5ca0448	.bss	LINK_DEPENDENT
stateless_guest	bv_blob_gas_expected	0xa5ca0450	.bss	LINK_DEPENDENT
stateless_guest	bv_blob_gas_observed	0xa5ca0458	.bss	LINK_DEPENDENT
stateless_guest	bv_withdrawals_root_status	0xa5ca0460	.bss	LINK_DEPENDENT
stateless_guest	bv_withdrawals_root_valid	0xa5ca0468	.bss	LINK_DEPENDENT
stateless_guest	brr_status	0xa5ca0470	.bss	LINK_DEPENDENT
stateless_guest	brr_append_status	0xa5ca0478	.bss	LINK_DEPENDENT
stateless_guest	brr_tx_type	0xa5ca0480	.bss	LINK_DEPENDENT
stateless_guest	brr_tx_inner	0xa5ca0488	.bss	LINK_DEPENDENT
stateless_guest	brr_tx_gas	0xa5ca0490	.bss	LINK_DEPENDENT
stateless_guest	brr_receipt_gas_ptr	0xa5ca0498	.bss	LINK_DEPENDENT
stateless_guest	brr_receipt_gas_count	0xa5ca04a0	.bss	LINK_DEPENDENT
stateless_guest	brr_tx_status_ptr	0xa5ca04a8	.bss	LINK_DEPENDENT
stateless_guest	bv_tx_status_arr	0xa5ca04b0	.bss	LINK_DEPENDENT
stateless_guest	bv_tx_is_creation_arr	0xa5cb2e48	.bss	LINK_DEPENDENT
stateless_guest	brr_tx_window_ptr	0xa5cc57e0	.bss	LINK_DEPENDENT
stateless_guest	bv_block_log_count	0xa5cc57e8	.bss	LINK_DEPENDENT
stateless_guest	bv_block_log_data_used	0xa5cc57f0	.bss	LINK_DEPENDENT
stateless_guest	bv_block_log_desc_used	0xa5cc57f8	.bss	LINK_DEPENDENT
stateless_guest	bv_block_log_overflow	0xa5cc5800	.bss	LINK_DEPENDENT
stateless_guest	bv_last_log_start	0xa5cc5808	.bss	LINK_DEPENDENT
stateless_guest	bv_last_log_count	0xa5cc5810	.bss	LINK_DEPENDENT
stateless_guest	bv_receipt_logs_status	0xa5cc5818	.bss	LINK_DEPENDENT
stateless_guest	bv_logs_rlp_len	0xa5cc5820	.bss	LINK_DEPENDENT
stateless_guest	bv_logs_rlp_arena_used	0xa5cc5828	.bss	LINK_DEPENDENT
stateless_guest	bv_tx_log_window	0xa5cc5830	.bss	LINK_DEPENDENT
stateless_guest	bv_block_log_descs	0xa5ceab60	.bss	LINK_DEPENDENT
stateless_guest	bv_block_log_meta	0xa6d31600	.bss	LINK_DEPENDENT
stateless_guest	bv_block_log_data	0xa79665f8	.bss	LINK_DEPENDENT
stateless_guest	bv_logs_rlp_arena	0xa913de38	.bss	LINK_DEPENDENT
stateless_guest	bv_record_blooms	0xa923de38	.bss	LINK_DEPENDENT
stateless_guest	bv_record_logs_desc	0xa9491138	.bss	LINK_DEPENDENT
stateless_guest	bv_receipts_rlp	0xa94db798	.bss	LINK_DEPENDENT
stateless_guest	bv_receipts_rlp_len	0xa95db798	.bss	LINK_DEPENDENT
stateless_guest	bv_receipts_encoder_status	0xa95db7a0	.bss	LINK_DEPENDENT
stateless_guest	bv_receipts_validator_status	0xa95db7a8	.bss	LINK_DEPENDENT
stateless_guest	rle_field_len	0xa95db7b0	.bss	LINK_DEPENDENT
stateless_guest	rle_prefix_len	0xa95db7b8	.bss	LINK_DEPENDENT
stateless_guest	re_field_len	0xa95db7c0	.bss	LINK_DEPENDENT
stateless_guest	re_cursor	0xa95db7c8	.bss	LINK_DEPENDENT
stateless_guest	re_total_payload	0xa95db7d0	.bss	LINK_DEPENDENT
stateless_guest	rle_zero_bloom	0xa95db7d8	.bss	LINK_DEPENDENT
stateless_guest	re_payload_buf	0xa95db8d8	.bss	LINK_DEPENDENT
stateless_guest	rle_payload_buf	0xa96db8d8	.bss	LINK_DEPENDENT
stateless_guest	relb_offset	0xa97db8d8	.bss	LINK_DEPENDENT
stateless_guest	relb_length	0xa97db8e0	.bss	LINK_DEPENDENT
stateless_guest	blbr_count	0xa97db8e8	.bss	LINK_DEPENDENT
stateless_guest	blbr_offset	0xa97db8f0	.bss	LINK_DEPENDENT
stateless_guest	blbr_length	0xa97db8f8	.bss	LINK_DEPENDENT
stateless_guest	blbr_next_offset	0xa97db900	.bss	LINK_DEPENDENT
stateless_guest	blbr_next_length	0xa97db908	.bss	LINK_DEPENDENT
stateless_guest	blbr_scratch_bloom	0xa97db910	.bss	LINK_DEPENDENT
stateless_guest	bvlb_header_bloom	0xa97dba10	.bss	LINK_DEPENDENT
stateless_guest	bvlb_computed_bloom	0xa97dbb10	.bss	LINK_DEPENDENT
stateless_guest	brcl_count	0xa97dbc10	.bss	LINK_DEPENDENT
stateless_guest	brcl_offset	0xa97dbc18	.bss	LINK_DEPENDENT
stateless_guest	brcl_length	0xa97dbc20	.bss	LINK_DEPENDENT
stateless_guest	brcl_next_offset	0xa97dbc28	.bss	LINK_DEPENDENT
stateless_guest	brcl_next_length	0xa97dbc30	.bss	LINK_DEPENDENT
stateless_guest	brcl_root_valid	0xa97dbc38	.bss	LINK_DEPENDENT
stateless_guest	brcl_bloom_valid	0xa97dbc40	.bss	LINK_DEPENDENT
stateless_guest	brcl_value_descs	0xa97dbc48	.bss	LINK_DEPENDENT
stateless_guest	lrr_len	0xa97dc448	.bss	LINK_DEPENDENT
stateless_guest	lrr_addr_be	0xa97dc450	.bss	LINK_DEPENDENT
stateless_guest	lrr_topic_be	0xa97dc468	.bss	LINK_DEPENDENT
stateless_guest	lrr_dhdr	0xa97dc488	.bss	LINK_DEPENDENT
stateless_guest	lrr_topics	0xa97dc498	.bss	LINK_DEPENDENT
stateless_guest	lrr_inner	0xa97dc520	.bss	LINK_DEPENDENT
stateless_guest	lrr_payload	0xa97dc620	.bss	LINK_DEPENDENT
stateless_guest	bav_hash	0xa98dc620	.bss	LINK_DEPENDENT
stateless_guest	lba_offset	0xa98dc640	.bss	LINK_DEPENDENT
stateless_guest	lba_length	0xa98dc648	.bss	LINK_DEPENDENT
stateless_guest	lba_topics_offset	0xa98dc650	.bss	LINK_DEPENDENT
stateless_guest	lba_topics_length	0xa98dc658	.bss	LINK_DEPENDENT
stateless_guest	lba_topic_count	0xa98dc660	.bss	LINK_DEPENDENT
stateless_guest	llba_offset	0xa98dc668	.bss	LINK_DEPENDENT
stateless_guest	llba_length	0xa98dc670	.bss	LINK_DEPENDENT
stateless_guest	llba_count	0xa98dc678	.bss	LINK_DEPENDENT
stateless_guest	brr_control	0xa98dc680	.bss	LINK_DEPENDENT
stateless_guest	brr_records	0xa98dc698	.bss	LINK_DEPENDENT
stateless_guest	hewr_offset	0xa9971358	.bss	LINK_DEPENDENT
stateless_guest	hewr_length	0xa9971360	.bss	LINK_DEPENDENT
stateless_guest	bvwri_expected_root	0xa9971380	.bss	LINK_DEPENDENT
stateless_guest	bvwri_computed_root	0xa99713a0	.bss	LINK_DEPENDENT
stateless_guest	itr_empty_witness	0xa99713c0	.bss	LINK_DEPENDENT
stateless_guest	itr_paths	0xa99713c8	.bss	LINK_DEPENDENT
stateless_guest	itr_changes	0xa9983d60	.bss	LINK_DEPENDENT
stateless_guest	itr_sort_ranges	0xa99e0d58	.bss	LINK_DEPENDENT
stateless_guest	itr_sort_scratch	0xa99e1958	.bss	LINK_DEPENDENT
stateless_guest	itr_builder_node_len	0xa99e1980	.bss	LINK_DEPENDENT
stateless_guest	itr_builder_node	0xa99e1988	.bss	LINK_DEPENDENT
stateless_guest	itr_builder_frames	0xa99e1d88	.bss	LINK_DEPENDENT
stateless_guest	itr_root_ref_len	0xa99e3988	.bss	LINK_DEPENDENT
stateless_guest	itr_root_ref	0xa99e3990	.bss	LINK_DEPENDENT
stateless_guest	herr_offset	0xa99e39b0	.bss	LINK_DEPENDENT
stateless_guest	herr_length	0xa99e39b8	.bss	LINK_DEPENDENT
stateless_guest	helb_offset	0xa99e39c0	.bss	LINK_DEPENDENT
stateless_guest	helb_length	0xa99e39c8	.bss	LINK_DEPENDENT
stateless_guest	bvrri_expected_root	0xa99e39e0	.bss	LINK_DEPENDENT
stateless_guest	bvrri_computed_root	0xa99e3a00	.bss	LINK_DEPENDENT
stateless_guest	bvrri_value_descs	0xa99e3a20	.bss	LINK_DEPENDENT
stateless_guest	bv_header_bloom	0xa99e4220	.bss	LINK_DEPENDENT
stateless_guest	bv_zero_bloom	0xa99e4320	.bss	LINK_DEPENDENT
stateless_guest	bv_bloom_eq_out	0xa99e4420	.bss	LINK_DEPENDENT
stateless_guest	bvgr_runtime_gas_left_ptr	0xa99e4428	.bss	LINK_DEPENDENT
stateless_guest	bvgr_runtime_refund_counter_ptr	0xa99e4430	.bss	LINK_DEPENDENT
stateless_guest	bvgr_runtime_calldata_floor_ptr	0xa99e4438	.bss	LINK_DEPENDENT
stateless_guest	bvgr_runtime_count	0xa99e4440	.bss	LINK_DEPENDENT
stateless_guest	bv_runtime_payload	0xa99e4448	.bss	LINK_DEPENDENT
stateless_guest	bv_runtime_gas_left	0xaa00ec48	.bss	LINK_DEPENDENT
stateless_guest	bv_runtime_refund_counter	0xaa00ec50	.bss	LINK_DEPENDENT
stateless_guest	bv_runtime_calldata_floor	0xaa00ec58	.bss	LINK_DEPENDENT
stateless_guest	bv_runtime_intrinsic_state_gas	0xaa00ec60	.bss	LINK_DEPENDENT
stateless_guest	bv_dispatch_runtime_status	0xaa00ec68	.bss	LINK_DEPENDENT
stateless_guest	bv_runtime_completeness_status	0xaa00ec70	.bss	LINK_DEPENDENT
stateless_guest	bvcd_code_ptr	0xaa00ec78	.bss	LINK_DEPENDENT
stateless_guest	bvcd_code_len	0xaa00ec80	.bss	LINK_DEPENDENT
stateless_guest	bvcd_acct_ptr	0xaa00ec88	.bss	LINK_DEPENDENT
stateless_guest	bvcd_acct_len	0xaa00ec90	.bss	LINK_DEPENDENT
stateless_guest	bvcd_key_count	0xaa00ec98	.bss	LINK_DEPENDENT
stateless_guest	bvcd_sc_count	0xaa00eca0	.bss	LINK_DEPENDENT
stateless_guest	bvcd_i	0xaa00eca8	.bss	LINK_DEPENDENT
stateless_guest	bvcd_keys	0xaa00ecb0	.bss	LINK_DEPENDENT
stateless_guest	bvcd_preload	0xaa31c0b0	.bss	LINK_DEPENDENT
stateless_guest	bscv_vptr	0xaa9368b0	.bss	LINK_DEPENDENT
stateless_guest	bsme_keys	0xaa9368b8	.bss	LINK_DEPENDENT
stateless_guest	bsme_vals	0xaac43cb8	.bss	LINK_DEPENDENT
stateless_guest	bsme_krev	0xaaf510b8	.bss	LINK_DEPENDENT
stateless_guest	bsme_vrev	0xaaf510d8	.bss	LINK_DEPENDENT
stateless_guest	bsce_keys	0xaaf510f8	.bss	LINK_DEPENDENT
stateless_guest	bsce_vals	0xab25e4f8	.bss	LINK_DEPENDENT
stateless_guest	bsce_slotrev	0xab56b8f8	.bss	LINK_DEPENDENT
stateless_guest	bsce_currev	0xab56b918	.bss	LINK_DEPENDENT
stateless_guest	bsce_sys_count	0xab56b938	.bss	LINK_DEPENDENT
stateless_guest	c2bal_key	0xab56b940	.bss	LINK_DEPENDENT
stateless_guest	bv_rcf_off	0xab56b960	.bss	LINK_DEPENDENT
stateless_guest	bv_rcf_len	0xab56b968	.bss	LINK_DEPENDENT
stateless_guest	csce_acct_i	0xab56b970	.bss	LINK_DEPENDENT
stateless_guest	csce_acct_n	0xab56b978	.bss	LINK_DEPENDENT
stateless_guest	csce_aoff	0xab56b980	.bss	LINK_DEPENDENT
stateless_guest	csce_alen	0xab56b988	.bss	LINK_DEPENDENT
stateless_guest	csce_doff	0xab56b990	.bss	LINK_DEPENDENT
stateless_guest	csce_dlen	0xab56b998	.bss	LINK_DEPENDENT
stateless_guest	csce_addrp	0xab56b9a0	.bss	LINK_DEPENDENT
stateless_guest	csce_key_i	0xab56b9a8	.bss	LINK_DEPENDENT
stateless_guest	csce_key_n	0xab56b9b0	.bss	LINK_DEPENDENT
stateless_guest	csce_addrkey	0xab56b9c0	.bss	LINK_DEPENDENT
stateless_guest	csce_keys	0xab56b9e0	.bss	LINK_DEPENDENT
stateless_guest	csce_bal_struct	0xab878de0	.bss	LINK_DEPENDENT
stateless_guest	callee_balance_count	0xab878e48	.bss	LINK_DEPENDENT
stateless_guest	callee_balance_table	0xab878e60	.bss	LINK_DEPENDENT
stateless_guest	bv_eip7778_status	0xab880e60	.bss	LINK_DEPENDENT
stateless_guest	bv_eip7778_index	0xab880e68	.bss	LINK_DEPENDENT
stateless_guest	bv_eip7778_used	0xab880e70	.bss	LINK_DEPENDENT
stateless_guest	bvgr_status	0xab880e78	.bss	LINK_DEPENDENT
stateless_guest	bvgr_count	0xab880e80	.bss	LINK_DEPENDENT
stateless_guest	bvgr_fail_index	0xab880e88	.bss	LINK_DEPENDENT
stateless_guest	bvgr_tx_type	0xab880e90	.bss	LINK_DEPENDENT
stateless_guest	bvgr_tx_inner	0xab880e98	.bss	LINK_DEPENDENT
stateless_guest	bvgr_nonce	0xab880ea0	.bss	LINK_DEPENDENT
stateless_guest	bvgr_gas	0xab880ea8	.bss	LINK_DEPENDENT
stateless_guest	bvgr_arena_status	0xab880eb0	.bss	LINK_DEPENDENT
stateless_guest	bvgr_arena_tx_count	0xab880eb8	.bss	LINK_DEPENDENT
stateless_guest	bvgr_arena_runtime_count	0xab880ec0	.bss	LINK_DEPENDENT
stateless_guest	bvgr_arena_fail_index	0xab880ec8	.bss	LINK_DEPENDENT
stateless_guest	bvgr_arena_substatus	0xab880ed0	.bss	LINK_DEPENDENT
stateless_guest	bvgr_tx_gas_limits	0xab880ed8	.bss	LINK_DEPENDENT
stateless_guest	bvgr_gas_left	0xab893870	.bss	LINK_DEPENDENT
stateless_guest	bvgr_refund_counter	0xab8a6208	.bss	LINK_DEPENDENT
stateless_guest	bvgr_calldata_floor	0xab8b8ba0	.bss	LINK_DEPENDENT
stateless_guest	bvgr_block_gas_increments	0xab8cb538	.bss	LINK_DEPENDENT
stateless_guest	bvgr_tx_state_gas	0xab8dded0	.bss	LINK_DEPENDENT
stateless_guest	bvgr_tx_exec_state_gas	0xab8f0868	.bss	LINK_DEPENDENT
stateless_guest	bvgr_tx_total_state_gas	0xab903200	.bss	LINK_DEPENDENT
stateless_guest	bvgr_tx_state_refund	0xab915b98	.bss	LINK_DEPENDENT
stateless_guest	bvgr_tx_predelegated_auth_count	0xab915ba0	.bss	LINK_DEPENDENT
stateless_guest	bv_mtx_creation_prefix_used	0xab928538	.bss	LINK_DEPENDENT
stateless_guest	bv_exact_header_gas_used	0xab928540	.bss	LINK_DEPENDENT
stateless_guest	bv_exact_expected_gas_used	0xab928548	.bss	LINK_DEPENDENT
stateless_guest	bv_exact_net_status	0xab928550	.bss	LINK_DEPENDENT
stateless_guest	bv_exact_net_index	0xab928558	.bss	LINK_DEPENDENT
stateless_guest	bv_exact_block_status	0xab928560	.bss	LINK_DEPENDENT
stateless_guest	bvgr_receipt_gas_increments	0xab928568	.bss	LINK_DEPENDENT
stateless_guest	bvgr_before_refund	0xab93af00	.bss	LINK_DEPENDENT
stateless_guest	bvgr_applied_refund	0xab94d898	.bss	LINK_DEPENDENT
stateless_guest	teer_type	0xab960230	.bss	LINK_DEPENDENT
stateless_guest	teer_inner_off	0xab960238	.bss	LINK_DEPENDENT
stateless_guest	teer_auth_off	0xab960240	.bss	LINK_DEPENDENT
stateless_guest	teer_auth_len	0xab960248	.bss	LINK_DEPENDENT
stateless_guest	teer_auth_count	0xab960250	.bss	LINK_DEPENDENT
stateless_guest	teer_regular_refund	0xab960258	.bss	LINK_DEPENDENT
stateless_guest	teer_predelegated_count	0xab960260	.bss	LINK_DEPENDENT
stateless_guest	teer_existing_count	0xab960268	.bss	LINK_DEPENDENT
stateless_guest	teer_records_ptr	0xab960270	.bss	LINK_DEPENDENT
stateless_guest	teer_tuple_off	0xab960278	.bss	LINK_DEPENDENT
stateless_guest	teer_tuple_len	0xab960280	.bss	LINK_DEPENDENT
stateless_guest	teer_target_off	0xab960288	.bss	LINK_DEPENDENT
stateless_guest	teer_target_len	0xab960290	.bss	LINK_DEPENDENT
stateless_guest	teer_auth_chain	0xab960298	.bss	LINK_DEPENDENT
stateless_guest	teer_auth_nonce	0xab9602a0	.bss	LINK_DEPENDENT
stateless_guest	teer_invalid_auth_count	0xab9602a8	.bss	LINK_DEPENDENT
stateless_guest	teer_recipient_ptr	0xab9602b0	.bss	LINK_DEPENDENT
stateless_guest	teer_recipient_len	0xab9602b8	.bss	LINK_DEPENDENT
stateless_guest	teer_value_nonzero	0xab9602c0	.bss	LINK_DEPENDENT
stateless_guest	teer_prior_count	0xab9602c8	.bss	LINK_DEPENDENT
stateless_guest	teer_prior_set_flag	0xab9602d0	.bss	LINK_DEPENDENT
stateless_guest	teer_acct_absent	0xab9602d8	.bss	LINK_DEPENDENT
stateless_guest	teer_rolled_back	0xab9602e0	.bss	LINK_DEPENDENT
stateless_guest	teer_wouldbe_state	0xab9602e8	.bss	LINK_DEPENDENT
stateless_guest	teer_wouldbe_regular	0xab9602f0	.bss	LINK_DEPENDENT
stateless_guest	teer_first_nonce	0xab9602f8	.bss	LINK_DEPENDENT
stateless_guest	teer_authority	0xab960300	.bss	LINK_DEPENDENT
stateless_guest	teer_first_authority	0xab960320	.bss	LINK_DEPENDENT
stateless_guest	teer_recover_scratch	0xab960338	.bss	LINK_DEPENDENT
stateless_guest	teer_acct_ptr	0xab9604a0	.bss	LINK_DEPENDENT
stateless_guest	teer_acct_len	0xab9604a8	.bss	LINK_DEPENDENT
stateless_guest	teer_finals	0xab9604b0	.bss	LINK_DEPENDENT
stateless_guest	teer_pre_acct	0xab960508	.bss	LINK_DEPENDENT
stateless_guest	e77w_count	0xab960570	.bss	LINK_DEPENDENT
stateless_guest	e77w_toff	0xab960578	.bss	LINK_DEPENDENT
stateless_guest	e77w_tlen	0xab960580	.bss	LINK_DEPENDENT
stateless_guest	e77w_chain	0xab960588	.bss	LINK_DEPENDENT
stateless_guest	e77w_nonce	0xab960590	.bss	LINK_DEPENDENT
stateless_guest	e77w_authority	0xab960598	.bss	LINK_DEPENDENT
stateless_guest	e77w_scratch	0xab9605b0	.bss	LINK_DEPENDENT
stateless_guest	a77ra_cmp	0xab960718	.bss	LINK_DEPENDENT
stateless_guest	ta77es_offset	0xab960720	.bss	LINK_DEPENDENT
stateless_guest	ta77es_length	0xab960728	.bss	LINK_DEPENDENT
stateless_guest	tgsbl_tmp_off	0xab960730	.bss	LINK_DEPENDENT
stateless_guest	tgsbl_tmp_len	0xab960738	.bss	LINK_DEPENDENT
stateless_guest	tgsbl_count	0xab960740	.bss	LINK_DEPENDENT
stateless_guest	tgsbl_row_off	0xab960748	.bss	LINK_DEPENDENT
stateless_guest	tgsbl_row_len	0xab960750	.bss	LINK_DEPENDENT
stateless_guest	tgsbl_addr_off	0xab960758	.bss	LINK_DEPENDENT
stateless_guest	tgsbl_addr_len	0xab960760	.bss	LINK_DEPENDENT
stateless_guest	teng_type	0xab960768	.bss	LINK_DEPENDENT
stateless_guest	teng_inner_off	0xab960770	.bss	LINK_DEPENDENT
stateless_guest	tegp_type	0xab960778	.bss	LINK_DEPENDENT
stateless_guest	tegp_inner_off	0xab960780	.bss	LINK_DEPENDENT
stateless_guest	sttc_nonce	0xab960788	.bss	LINK_DEPENDENT
stateless_guest	tea_type	0xab960790	.bss	LINK_DEPENDENT
stateless_guest	tea_inner_off	0xab960798	.bss	LINK_DEPENDENT
stateless_guest	tea_field_off	0xab9607a0	.bss	LINK_DEPENDENT
stateless_guest	tea_field_len	0xab9607a8	.bss	LINK_DEPENDENT
stateless_guest	tis_to_buf	0xab9607b0	.bss	LINK_DEPENDENT
stateless_guest	tis_is_creation	0xab9607d0	.bss	LINK_DEPENDENT
stateless_guest	tis_type	0xab9607d8	.bss	LINK_DEPENDENT
stateless_guest	tis_inner_off	0xab9607e0	.bss	LINK_DEPENDENT
stateless_guest	tis_auth_off	0xab9607e8	.bss	LINK_DEPENDENT
stateless_guest	tis_auth_len	0xab9607f0	.bss	LINK_DEPENDENT
stateless_guest	tis_auth_count	0xab9607f8	.bss	LINK_DEPENDENT
stateless_guest	tev_type	0xab960800	.bss	LINK_DEPENDENT
stateless_guest	tev_inner_off	0xab960808	.bss	LINK_DEPENDENT
stateless_guest	teds_type	0xab960810	.bss	LINK_DEPENDENT
stateless_guest	teds_inner_off	0xab960818	.bss	LINK_DEPENDENT
stateless_guest	teds_field_off	0xab960820	.bss	LINK_DEPENDENT
stateless_guest	teds_field_len	0xab960828	.bss	LINK_DEPENDENT
stateless_guest	t48_offset	0xab960830	.bss	LINK_DEPENDENT
stateless_guest	t48_length	0xab960838	.bss	LINK_DEPENDENT
stateless_guest	sttc_base_fee_be	0xab960840	.bss	LINK_DEPENDENT
stateless_guest	bv_simple_transfer_tx	0xab960860	.bss	LINK_DEPENDENT
stateless_guest	tefgp_max_priority	0xab960920	.bss	LINK_DEPENDENT
stateless_guest	tefgp_max_fee	0xab960940	.bss	LINK_DEPENDENT
stateless_guest	tefgp_tmp	0xab960960	.bss	LINK_DEPENDENT
stateless_guest	txup_nonce	0xab960980	.bss	LINK_DEPENDENT
stateless_guest	txup_gas_limit	0xab960988	.bss	LINK_DEPENDENT
stateless_guest	txup_effective_gas_price	0xab9609a0	.bss	LINK_DEPENDENT
stateless_guest	txup_priority_fee	0xab9609c0	.bss	LINK_DEPENDENT
stateless_guest	acpg_gas_fee	0xab9609e0	.bss	LINK_DEPENDENT
stateless_guest	tgbpv_balance	0xab960a00	.bss	LINK_DEPENDENT
stateless_guest	tgbpv_refund	0xab960a20	.bss	LINK_DEPENDENT
stateless_guest	tgbpv_expected_balance	0xab960a40	.bss	LINK_DEPENDENT
stateless_guest	tgbpv_post_balance	0xab960a60	.bss	LINK_DEPENDENT
stateless_guest	tgbpv_value	0xab960a80	.bss	LINK_DEPENDENT
stateless_guest	tgbpv_blob_debit	0xab960aa0	.bss	LINK_DEPENDENT
stateless_guest	tgbpv_nonce	0xab960ac0	.bss	LINK_DEPENDENT
stateless_guest	tgbpv_simple_transfer_gas_used	0xab960ac8	.bss	LINK_DEPENDENT
stateless_guest	tgbpv_skip_value	0xab960ad0	.bss	LINK_DEPENDENT
stateless_guest	tgbpv_direct_floor	0xab960ad8	.bss	LINK_DEPENDENT
stateless_guest	tgbpv_direct_oog	0xab960ae0	.bss	LINK_DEPENDENT
stateless_guest	tgbpv_failed_oog	0xab960ae8	.bss	LINK_DEPENDENT
stateless_guest	tgbpv_top_state_gas	0xab960af0	.bss	LINK_DEPENDENT
stateless_guest	tgbpv_tx_type	0xab960af8	.bss	LINK_DEPENDENT
stateless_guest	tgbpv_inner_off	0xab960b00	.bss	LINK_DEPENDENT
stateless_guest	tgbpv_blob_count	0xab960b08	.bss	LINK_DEPENDENT
stateless_guest	tgbpv_t48	0xab960b10	.bss	LINK_DEPENDENT
stateless_guest	tgbpv_to_addr	0xab960c08	.bss	LINK_DEPENDENT
stateless_guest	tgbpv_is_creation	0xab960c20	.bss	LINK_DEPENDENT
stateless_guest	tgbpv_lookup	0xab960c28	.bss	LINK_DEPENDENT
stateless_guest	tgbpv_records	0xab960cd0	.bss	LINK_DEPENDENT
stateless_guest	bv_tx_gas_precharge	0xab961cd0	.bss	LINK_DEPENDENT
stateless_guest	strv_wd_credit	0xab961db0	.bss	LINK_DEPENDENT
stateless_guest	stfv_wd_credit	0xab961dd0	.bss	LINK_DEPENDENT
stateless_guest	bsw_amount	0xab961df0	.bss	LINK_DEPENDENT
stateless_guest	bsw_wei	0xab961e10	.bss	LINK_DEPENDENT
stateless_guest	bv_wdne_addr	0xab961e40	.bss	LINK_DEPENDENT
stateless_guest	bv_wdne_acct	0xab961e60	.bss	LINK_DEPENDENT
stateless_guest	bv_wdne_post	0xab961ec8	.bss	LINK_DEPENDENT
stateless_guest	strv_count	0xab961ee8	.bss	LINK_DEPENDENT
stateless_guest	strv_row_off	0xab961ef0	.bss	LINK_DEPENDENT
stateless_guest	strv_row_len	0xab961ef8	.bss	LINK_DEPENDENT
stateless_guest	strv_addr_off	0xab961f00	.bss	LINK_DEPENDENT
stateless_guest	strv_addr_len	0xab961f08	.bss	LINK_DEPENDENT
stateless_guest	strv_post_len	0xab961f10	.bss	LINK_DEPENDENT
stateless_guest	strv_nonce_len	0xab961f18	.bss	LINK_DEPENDENT
stateless_guest	stfv_count	0xab961f20	.bss	LINK_DEPENDENT
stateless_guest	stfv_row_off	0xab961f28	.bss	LINK_DEPENDENT
stateless_guest	stfv_row_len	0xab961f30	.bss	LINK_DEPENDENT
stateless_guest	stfv_addr_off	0xab961f38	.bss	LINK_DEPENDENT
stateless_guest	stfv_addr_len	0xab961f40	.bss	LINK_DEPENDENT
stateless_guest	stfv_post_len	0xab961f48	.bss	LINK_DEPENDENT
stateless_guest	stfv_nonce_len	0xab961f50	.bss	LINK_DEPENDENT
stateless_guest	strv_post_raw	0xab961f60	.bss	LINK_DEPENDENT
stateless_guest	strv_nonce_raw	0xab961f80	.bss	LINK_DEPENDENT
stateless_guest	stfv_effective_gas_price	0xab961fa0	.bss	LINK_DEPENDENT
stateless_guest	stfv_post_raw	0xab961fc0	.bss	LINK_DEPENDENT
stateless_guest	stfv_nonce_raw	0xab961fe0	.bss	LINK_DEPENDENT
stateless_guest	tvhm_tx_type	0xab962000	.bss	LINK_DEPENDENT
stateless_guest	tvhm_inner_off	0xab962008	.bss	LINK_DEPENDENT
stateless_guest	tvhm_blob_count	0xab962010	.bss	LINK_DEPENDENT
stateless_guest	tvhm_blob_index	0xab962018	.bss	LINK_DEPENDENT
stateless_guest	tvhm_hash_off	0xab962020	.bss	LINK_DEPENDENT
stateless_guest	tvhm_hash_len	0xab962028	.bss	LINK_DEPENDENT
stateless_guest	tvhm_struct	0xab962030	.bss	LINK_DEPENDENT
stateless_guest	afp_digest	0xab962140	.bss	LINK_DEPENDENT
stateless_guest	brl_item_start	0xab962160	.bss	LINK_DEPENDENT
stateless_guest	brl_item_end	0xab962168	.bss	LINK_DEPENDENT
stateless_guest	brl_wd_len	0xab962170	.bss	LINK_DEPENDENT
stateless_guest	brl_wd_buf	0xab962178	.bss	LINK_DEPENDENT
stateless_guest	svf_witness_section	0xab9621c0	.bss	LINK_DEPENDENT
stateless_guest	svf_witness_end	0xab9621c8	.bss	LINK_DEPENDENT
stateless_guest	svf_codes_ptr	0xab9621d0	.bss	LINK_DEPENDENT
stateless_guest	svf_codes_len	0xab9621d8	.bss	LINK_DEPENDENT
stateless_guest	wclh_scratch_hash	0xab9621e0	.bss	LINK_DEPENDENT
stateless_guest	svf_headers_ptr	0xab962200	.bss	LINK_DEPENDENT
stateless_guest	svf_headers_len	0xab962208	.bss	LINK_DEPENDENT
stateless_guest	c1_saved_logcount	0xab962210	.bss	LINK_DEPENDENT
stateless_guest	c1_system_log_cursor	0xab962218	.bss	LINK_DEPENDENT
stateless_guest	bv_system_storage_log_count	0xab962220	.bss	LINK_DEPENDENT
stateless_guest	bv_system_storage_map_seed_only	0xab962228	.bss	LINK_DEPENDENT
stateless_guest	bv_system_storage_txindex	0xab962230	.bss	LINK_DEPENDENT
stateless_guest	bv_system_storage_log	0xab9a2240	.bss	LINK_DEPENDENT
stateless_guest	bv_system_storage_capture_status	0xabda2240	.bss	LINK_DEPENDENT
stateless_guest	bv_system_storage_capture_start	0xabda2248	.bss	LINK_DEPENDENT
stateless_guest	bv_system_storage_capture_end	0xabda2250	.bss	LINK_DEPENDENT
stateless_guest	bv_system_storage_capture_rows	0xabda2258	.bss	LINK_DEPENDENT
stateless_guest	bv_system_storage_capture_old_count	0xabda2260	.bss	LINK_DEPENDENT
stateless_guest	bv_system_storage_capture_new_count	0xabda2268	.bss	LINK_DEPENDENT
stateless_guest	cssc_stamp_txindex	0xabda2270	.bss	LINK_DEPENDENT
stateless_guest	bv_user_storage_log_count	0xabda2278	.bss	LINK_DEPENDENT
stateless_guest	bv_user_storage_txindex	0xabda2280	.bss	LINK_DEPENDENT
stateless_guest	bv_user_storage_log	0xabdc2280	.bss	LINK_DEPENDENT
stateless_guest	c1_wcode_ptr	0xabfc2280	.bss	LINK_DEPENDENT
stateless_guest	c1_wcode_len	0xabfc2288	.bss	LINK_DEPENDENT
stateless_guest	c1_er_input	0xabfc2290	.bss	LINK_DEPENDENT
stateless_guest	c1_staging	0xabfc2298	.bss	LINK_DEPENDENT
stateless_guest	c1_er_assembled	0xac660a98	.bss	LINK_DEPENDENT
stateless_guest	c1_er_assembled_len	0xac7e104c	.bss	LINK_DEPENDENT
stateless_guest	c1_erh_status	0xac7e1054	.bss	LINK_DEPENDENT
stateless_guest	c1_notx_deposit_body_len	0xac7e105c	.bss	LINK_DEPENDENT
stateless_guest	c1_dstatus	0xac7e1064	.bss	LINK_DEPENDENT
stateless_guest	c1_dlen	0xac7e106c	.bss	LINK_DEPENDENT
stateless_guest	c1_dbody	0xac7e1074	.bss	LINK_DEPENDENT
stateless_guest	c1_log_records	0xac961074	.bss	LINK_DEPENDENT
stateless_guest	c1_ccode_ptr	0xace81074	.bss	LINK_DEPENDENT
stateless_guest	c1_ccode_len	0xace8107c	.bss	LINK_DEPENDENT
stateless_guest	c1_bd_code_ptr	0xace81084	.bss	LINK_DEPENDENT
stateless_guest	c1_bd_code_len	0xace8108c	.bss	LINK_DEPENDENT
stateless_guest	c1_be_code_ptr	0xace81094	.bss	LINK_DEPENDENT
stateless_guest	c1_be_code_len	0xace8109c	.bss	LINK_DEPENDENT
stateless_guest	c1_bal_acct_ptr	0xace810a4	.bss	LINK_DEPENDENT
stateless_guest	c1_bal_acct_len	0xace810ac	.bss	LINK_DEPENDENT
stateless_guest	c1_preload	0xace810b8	.bss	LINK_DEPENDENT
stateless_guest	c1_bal_start	0xad49b8b8	.bss	LINK_DEPENDENT
stateless_guest	c1_bal_len	0xad49b8c0	.bss	LINK_DEPENDENT
stateless_guest	c1_bal_count	0xad49b8c8	.bss	LINK_DEPENDENT
stateless_guest	c1_saved_s0	0xad49b8d0	.bss	LINK_DEPENDENT
stateless_guest	c1_saved_s3	0xad49b8d8	.bss	LINK_DEPENDENT
stateless_guest	svf_headers_count	0xad49b8e0	.bss	LINK_DEPENDENT
stateless_guest	bbcv_count	0xad49b8e8	.bss	LINK_DEPENDENT
stateless_guest	bbcv_off	0xad49b8f0	.bss	LINK_DEPENDENT
stateless_guest	bbcv_size	0xad49b8f8	.bss	LINK_DEPENDENT
stateless_guest	bbcv_acct_len	0xad49b900	.bss	LINK_DEPENDENT
stateless_guest	bbcv_addr_off	0xad49b908	.bss	LINK_DEPENDENT
stateless_guest	bbcv_addr_len	0xad49b910	.bss	LINK_DEPENDENT
stateless_guest	bbcv_acct_struct	0xad49b918	.bss	LINK_DEPENDENT
stateless_guest	aahsr_state_root	0xad49b980	.bss	LINK_DEPENDENT
stateless_guest	bbcv_field_off	0xad49b9a0	.bss	LINK_DEPENDENT
stateless_guest	bbcv_field_len	0xad49b9a8	.bss	LINK_DEPENDENT
stateless_guest	bbcv_field_count	0xad49b9b0	.bss	LINK_DEPENDENT
stateless_guest	bbcv_balance_count	0xad49b9b8	.bss	LINK_DEPENDENT
stateless_guest	bbcv_nonce_count	0xad49b9c0	.bss	LINK_DEPENDENT
stateless_guest	bbcv_skip_touch_only	0xad49b9c8	.bss	LINK_DEPENDENT
stateless_guest	bbcv_touch_only	0xad49b9d0	.bss	LINK_DEPENDENT
stateless_guest	bbcv_fee_recipient_valid	0xad49b9d8	.bss	LINK_DEPENDENT
stateless_guest	bbcv_fee_recipient	0xad49b9e0	.bss	LINK_DEPENDENT
stateless_guest	bbcv_code_hash	0xad49ba00	.bss	LINK_DEPENDENT
stateless_guest	bbcv_delegated_code_hash	0xad49ba20	.bss	LINK_DEPENDENT
stateless_guest	bbcv_code_off	0xad49ba40	.bss	LINK_DEPENDENT
stateless_guest	bbcv_code_len	0xad49ba48	.bss	LINK_DEPENDENT
stateless_guest	bbcv_scan_count	0xad49ba50	.bss	LINK_DEPENDENT
stateless_guest	bbcv_scan_off	0xad49ba58	.bss	LINK_DEPENDENT
stateless_guest	bbcv_scan_size	0xad49ba60	.bss	LINK_DEPENDENT
stateless_guest	bbcv_scan_addr_off	0xad49ba68	.bss	LINK_DEPENDENT
stateless_guest	bbcv_scan_addr_len	0xad49ba70	.bss	LINK_DEPENDENT
stateless_guest	bv_cf_code_off	0xad49ba78	.bss	LINK_DEPENDENT
stateless_guest	bv_cf_code_len	0xad49ba80	.bss	LINK_DEPENDENT
stateless_guest	bv_tx_recipient_code_hash	0xad49baa0	.bss	LINK_DEPENDENT
stateless_guest	bv_create_addr	0xad49bac0	.bss	LINK_DEPENDENT
stateless_guest	bvcr_endow_val_be	0xad49bae0	.bss	LINK_DEPENDENT
stateless_guest	bvcr_created_pre_bal	0xad49bb00	.bss	LINK_DEPENDENT
stateless_guest	bv_creation_ctx_ptr	0xad49bb20	.bss	LINK_DEPENDENT
stateless_guest	bv_creation_output_mode	0xad49bb28	.bss	LINK_DEPENDENT
stateless_guest	bv_creation_output_index	0xad49bb30	.bss	LINK_DEPENDENT
stateless_guest	bbcv_sender_addr	0xad49bb40	.bss	LINK_DEPENDENT
stateless_guest	bbcv_create_addr	0xad49bb60	.bss	LINK_DEPENDENT
stateless_guest	bbcv_create2_salt	0xad49bb80	.bss	LINK_DEPENDENT
stateless_guest	ac2_inner_digest	0xad49bba0	.bss	LINK_DEPENDENT
stateless_guest	ac2_outer_digest	0xad49bbc0	.bss	LINK_DEPENDENT
stateless_guest	ac2_preimage	0xad49bbe0	.bss	LINK_DEPENDENT
stateless_guest	ac_buffer	0xad49bc38	.bss	LINK_DEPENDENT
stateless_guest	ac_nonce_be	0xad49bc58	.bss	LINK_DEPENDENT
stateless_guest	ac_digest	0xad49bc60	.bss	LINK_DEPENDENT
stateless_guest	chahsr_state_root	0xad49bc80	.bss	LINK_DEPENDENT
stateless_guest	chahsr_acct_struct	0xad49bca0	.bss	LINK_DEPENDENT
stateless_guest	ad_offset	0xad49bd08	.bss	LINK_DEPENDENT
stateless_guest	ad_length	0xad49bd10	.bss	LINK_DEPENDENT
stateless_guest	aa_value_len	0xad49bd18	.bss	LINK_DEPENDENT
stateless_guest	ecsahsr_dummy_offset	0xad49bd20	.bss	LINK_DEPENDENT
stateless_guest	ecsahsr_code_len	0xad49bd28	.bss	LINK_DEPENDENT
stateless_guest	aa_value_scratch	0xad49bd40	.bss	LINK_DEPENDENT
stateless_guest	ecsahsr_state_root	0xad49be40	.bss	LINK_DEPENDENT
stateless_guest	mlk_keccak_buf	0xad49be60	.bss	LINK_DEPENDENT
stateless_guest	mlk_nibble_buf	0xad49be80	.bss	LINK_DEPENDENT
stateless_guest	ecsahsr_acct_struct	0xad49bec0	.bss	LINK_DEPENDENT
stateless_guest	vh_keccak_table	0xad49bf40	.bss	LINK_DEPENDENT
stateless_guest	vh_extracted_parent_hash	0xad49df40	.bss	LINK_DEPENDENT
stateless_guest	bsg_count	0xad49df60	.bss	LINK_DEPENDENT
stateless_guest	bsg_off	0xad49df68	.bss	LINK_DEPENDENT
stateless_guest	bsg_len	0xad49df70	.bss	LINK_DEPENDENT
stateless_guest	bsg_tx_nonce	0xad49df78	.bss	LINK_DEPENDENT
stateless_guest	bsg_slot_count	0xad49df80	.bss	LINK_DEPENDENT
stateless_guest	bsg_slot_off	0xad49df88	.bss	LINK_DEPENDENT
stateless_guest	bsg_slot_len	0xad49df90	.bss	LINK_DEPENDENT
stateless_guest	bsg_slot_ptr	0xad49df98	.bss	LINK_DEPENDENT
stateless_guest	bsg_slot_item_len	0xad49dfa0	.bss	LINK_DEPENDENT
stateless_guest	bsg_changes_off	0xad49dfa8	.bss	LINK_DEPENDENT
stateless_guest	bsg_changes_len	0xad49dfb0	.bss	LINK_DEPENDENT
stateless_guest	bsg_changes_ptr	0xad49dfb8	.bss	LINK_DEPENDENT
stateless_guest	bsg_change_count	0xad49dfc0	.bss	LINK_DEPENDENT
stateless_guest	bsg_change_off	0xad49dfc8	.bss	LINK_DEPENDENT
stateless_guest	bsg_change_len	0xad49dfd0	.bss	LINK_DEPENDENT
stateless_guest	bsg_change_ptr	0xad49dfd8	.bss	LINK_DEPENDENT
stateless_guest	bsg_change_item_len	0xad49dfe0	.bss	LINK_DEPENDENT
stateless_guest	bsg_idx_off	0xad49dfe8	.bss	LINK_DEPENDENT
stateless_guest	bsg_idx_len	0xad49dff0	.bss	LINK_DEPENDENT
stateless_guest	bsg_index	0xad49dff8	.bss	LINK_DEPENDENT
stateless_guest	bsg_value_off	0xad49e000	.bss	LINK_DEPENDENT
stateless_guest	bsg_value_len	0xad49e008	.bss	LINK_DEPENDENT
stateless_guest	bsg_tx_type	0xad49e010	.bss	LINK_DEPENDENT
stateless_guest	bsg_tx_inner	0xad49e018	.bss	LINK_DEPENDENT
stateless_guest	bsg_tx_gas	0xad49e020	.bss	LINK_DEPENDENT
stateless_guest	bsg_gas_field	0xad49e028	.bss	LINK_DEPENDENT
stateless_guest	bsg_to_field	0xad49e030	.bss	LINK_DEPENDENT
stateless_guest	bsg_value_field	0xad49e038	.bss	LINK_DEPENDENT
stateless_guest	bsg_data_field	0xad49e040	.bss	LINK_DEPENDENT
stateless_guest	bsg_access_field	0xad49e048	.bss	LINK_DEPENDENT
stateless_guest	bsg_auth_field	0xad49e050	.bss	LINK_DEPENDENT
stateless_guest	bsg_intrinsic_gas	0xad49e058	.bss	LINK_DEPENDENT
stateless_guest	bsg_floor_gas	0xad49e060	.bss	LINK_DEPENDENT
stateless_guest	bsg_data_ptr	0xad49e068	.bss	LINK_DEPENDENT
stateless_guest	bsg_data_off	0xad49e070	.bss	LINK_DEPENDENT
stateless_guest	bsg_data_len	0xad49e078	.bss	LINK_DEPENDENT
stateless_guest	bsg_to_off	0xad49e080	.bss	LINK_DEPENDENT
stateless_guest	bsg_to_len	0xad49e088	.bss	LINK_DEPENDENT
stateless_guest	bsg_access_off	0xad49e090	.bss	LINK_DEPENDENT
stateless_guest	bsg_access_len	0xad49e098	.bss	LINK_DEPENDENT
stateless_guest	bsg_access_addrs	0xad49e0a0	.bss	LINK_DEPENDENT
stateless_guest	bsg_access_slots	0xad49e0a8	.bss	LINK_DEPENDENT
stateless_guest	bsg_auth_off	0xad49e0b0	.bss	LINK_DEPENDENT
stateless_guest	bsg_auth_len	0xad49e0b8	.bss	LINK_DEPENDENT
stateless_guest	bsg_auth_count	0xad49e0c0	.bss	LINK_DEPENDENT
stateless_guest	bsg_min_block_gas	0xad49e0c8	.bss	LINK_DEPENDENT
stateless_guest	alc_scratch	0xad49e0d0	.bss	LINK_DEPENDENT
stateless_guest	alc_entry_offset	0xad49e0d8	.bss	LINK_DEPENDENT
stateless_guest	alc_entry_length	0xad49e0e0	.bss	LINK_DEPENDENT
stateless_guest	alc_keys_offset	0xad49e0e8	.bss	LINK_DEPENDENT
stateless_guest	alc_keys_length	0xad49e0f0	.bss	LINK_DEPENDENT
stateless_guest	bsg_worst_state	0xad49e0f8	.bss	LINK_DEPENDENT
stateless_guest	bsg_prior_state	0xad49e100	.bss	LINK_DEPENDENT
stateless_guest	bsg_state_gas	0xad49e108	.bss	LINK_DEPENDENT
stateless_guest	bsg_exact_state_ok	0xad49e110	.bss	LINK_DEPENDENT
stateless_guest	bsg_blob_count	0xad49e118	.bss	LINK_DEPENDENT
stateless_guest	bsg_blob_gas_accum	0xad49e120	.bss	LINK_DEPENDENT
stateless_guest	bgvh_count_scratch	0xad49e128	.bss	LINK_DEPENDENT
stateless_guest	tcbg_struct	0xad49e130	.bss	LINK_DEPENDENT
stateless_guest	tcbg_blob_fee_be	0xad49e228	.bss	LINK_DEPENDENT
stateless_guest	bsg_blob_price_be	0xad49e248	.bss	LINK_DEPENDENT
stateless_guest	bsg_blob_lt_out	0xad49e268	.bss	LINK_DEPENDENT
stateless_guest	bsg_sender_addr	0xad49e270	.bss	LINK_DEPENDENT
stateless_guest	bsr_fail_code	0xad49e290	.bss	LINK_DEPENDENT
stateless_guest	bsr_storage_from_map	0xad49e298	.bss	LINK_DEPENDENT
stateless_guest	bsr_header_state_root_p	0xad49e2a0	.bss	LINK_DEPENDENT
stateless_guest	bsr_wds_p	0xad49e2a8	.bss	LINK_DEPENDENT
stateless_guest	bsr_wds_n	0xad49e2b0	.bss	LINK_DEPENDENT
stateless_guest	bsr_change_count	0xad49e2b8	.bss	LINK_DEPENDENT
stateless_guest	sri_cur_mode	0xad49e2c0	.bss	LINK_DEPENDENT
stateless_guest	sri_fail_index	0xad49e2c8	.bss	LINK_DEPENDENT
stateless_guest	sri_fail_mode	0xad49e2d0	.bss	LINK_DEPENDENT
stateless_guest	sri_fail_status	0xad49e2d8	.bss	LINK_DEPENDENT
stateless_guest	bpf_list_off	0xad49e2e0	.bss	LINK_DEPENDENT
stateless_guest	bpf_list_len	0xad49e2e8	.bss	LINK_DEPENDENT
stateless_guest	bpf_list_ptr	0xad49e2f0	.bss	LINK_DEPENDENT
stateless_guest	bpf_count	0xad49e2f8	.bss	LINK_DEPENDENT
stateless_guest	bpf_item_off	0xad49e300	.bss	LINK_DEPENDENT
stateless_guest	bpf_item_len	0xad49e308	.bss	LINK_DEPENDENT
stateless_guest	bpf_item_ptr	0xad49e310	.bss	LINK_DEPENDENT
stateless_guest	bpf_val_off	0xad49e318	.bss	LINK_DEPENDENT
stateless_guest	bpf_val_len	0xad49e320	.bss	LINK_DEPENDENT
stateless_guest	baap_bal_len	0xad49e328	.bss	LINK_DEPENDENT
stateless_guest	baap_nonce_len	0xad49e330	.bss	LINK_DEPENDENT
stateless_guest	baap_tmp_len	0xad49e338	.bss	LINK_DEPENDENT
stateless_guest	baap_tmp2_len	0xad49e340	.bss	LINK_DEPENDENT
stateless_guest	baap_fail_code	0xad49e348	.bss	LINK_DEPENDENT
stateless_guest	baap_sc_off	0xad49e350	.bss	LINK_DEPENDENT
stateless_guest	baap_sc_len	0xad49e358	.bss	LINK_DEPENDENT
stateless_guest	baap_sc_ptr	0xad49e360	.bss	LINK_DEPENDENT
stateless_guest	baap_sc_count	0xad49e368	.bss	LINK_DEPENDENT
stateless_guest	baap_sc_index	0xad49e370	.bss	LINK_DEPENDENT
stateless_guest	baap_sc_out_count	0xad49e378	.bss	LINK_DEPENDENT
stateless_guest	baap_storage_empty_flag	0xad49e380	.bss	LINK_DEPENDENT
stateless_guest	baap_force_storage_clear	0xad49e388	.bss	LINK_DEPENDENT
stateless_guest	baap_storage_root_ptr	0xad49e390	.bss	LINK_DEPENDENT
stateless_guest	baap_walk_val_len	0xad49e398	.bss	LINK_DEPENDENT
stateless_guest	mdacc_witness_len	0xad49e3a0	.bss	LINK_DEPENDENT
stateless_guest	mdacc_survivor_nibble	0xad49e3a8	.bss	LINK_DEPENDENT
stateless_guest	mdacc_child_ptr	0xad49e3b0	.bss	LINK_DEPENDENT
stateless_guest	mdacc_child_len	0xad49e3b8	.bss	LINK_DEPENDENT
stateless_guest	mdacc_leaf_path_len	0xad49e3c0	.bss	LINK_DEPENDENT
stateless_guest	mdacc_ext_path_len	0xad49e3c8	.bss	LINK_DEPENDENT
stateless_guest	mdacc_leaf_value_ptr	0xad49e3d0	.bss	LINK_DEPENDENT
stateless_guest	mdacc_leaf_value_len	0xad49e3d8	.bss	LINK_DEPENDENT
stateless_guest	mee_path_off	0xad49e3e0	.bss	LINK_DEPENDENT
stateless_guest	mee_path_len	0xad49e3e8	.bss	LINK_DEPENDENT
stateless_guest	baap_item_off	0xad49e3f0	.bss	LINK_DEPENDENT
stateless_guest	baap_item_len	0xad49e3f8	.bss	LINK_DEPENDENT
stateless_guest	baap_slot_changes_off	0xad49e400	.bss	LINK_DEPENDENT
stateless_guest	baap_slot_changes_len	0xad49e408	.bss	LINK_DEPENDENT
stateless_guest	baap_slot_changes_ptr	0xad49e410	.bss	LINK_DEPENDENT
stateless_guest	baap_slot_changes_count	0xad49e418	.bss	LINK_DEPENDENT
stateless_guest	baap_val_off	0xad49e420	.bss	LINK_DEPENDENT
stateless_guest	baap_val_len	0xad49e428	.bss	LINK_DEPENDENT
stateless_guest	baap_val_ptr	0xad49e430	.bss	LINK_DEPENDENT
stateless_guest	baap_code_list_off	0xad49e438	.bss	LINK_DEPENDENT
stateless_guest	baap_code_list_len	0xad49e440	.bss	LINK_DEPENDENT
stateless_guest	baap_code_list_ptr	0xad49e448	.bss	LINK_DEPENDENT
stateless_guest	baap_code_count	0xad49e450	.bss	LINK_DEPENDENT
stateless_guest	baap_code_item_ptr	0xad49e458	.bss	LINK_DEPENDENT
stateless_guest	baap_code_off	0xad49e460	.bss	LINK_DEPENDENT
stateless_guest	baap_code_len	0xad49e468	.bss	LINK_DEPENDENT
stateless_guest	baap_tmp3_len	0xad49e470	.bss	LINK_DEPENDENT
stateless_guest	baap_bal	0xad49e480	.bss	LINK_DEPENDENT
stateless_guest	baap_nonce	0xad49e4a0	.bss	LINK_DEPENDENT
stateless_guest	baap_slot	0xad49e4c0	.bss	LINK_DEPENDENT
stateless_guest	baap_code_hash	0xad49e4e0	.bss	LINK_DEPENDENT
stateless_guest	baap_map_addr	0xad49e500	.bss	LINK_DEPENDENT
stateless_guest	baap_map_value	0xad49e520	.bss	LINK_DEPENDENT
stateless_guest	baap_map_value_be	0xad49e540	.bss	LINK_DEPENDENT
stateless_guest	baap_map_recip_scratch	0xad49e560	.bss	LINK_DEPENDENT
stateless_guest	baap_map_slot_scratch	0xad49e580	.bss	LINK_DEPENDENT
stateless_guest	baap_tmp	0xad49e5a0	.bss	LINK_DEPENDENT
stateless_guest	baap_tmp2	0xad49e7a0	.bss	LINK_DEPENDENT
stateless_guest	baap_tmp3	0xad49e9a0	.bss	LINK_DEPENDENT
stateless_guest	baap_storage_value_cursor	0xad49eba0	.bss	LINK_DEPENDENT
stateless_guest	baap_walk_val	0xad49eba8	.bss	LINK_DEPENDENT
stateless_guest	mdacc_leaf_path	0xad49ec28	.bss	LINK_DEPENDENT
stateless_guest	mdacc_collapsed_path	0xad49f428	.bss	LINK_DEPENDENT
stateless_guest	bacp_off	0xad4a0428	.bss	LINK_DEPENDENT
stateless_guest	bacp_len	0xad4a0430	.bss	LINK_DEPENDENT
stateless_guest	bacp_hash	0xad4a0440	.bss	LINK_DEPENDENT
stateless_guest	baacd_value_len	0xad4a0460	.bss	LINK_DEPENDENT
stateless_guest	baacd_is_empty	0xad4a0468	.bss	LINK_DEPENDENT
stateless_guest	baacd_fail_code	0xad4a0470	.bss	LINK_DEPENDENT
stateless_guest	aie_offset	0xad4a0478	.bss	LINK_DEPENDENT
stateless_guest	aie_length	0xad4a0480	.bss	LINK_DEPENDENT
stateless_guest	bacv_fail_code	0xad4a0488	.bss	LINK_DEPENDENT
stateless_guest	baada_item_off	0xad4a0490	.bss	LINK_DEPENDENT
stateless_guest	baada_item_len	0xad4a0498	.bss	LINK_DEPENDENT
stateless_guest	basr_records	0xad4a04a0	.bss	LINK_DEPENDENT
stateless_guest	basr_paths	0xad6ea550	.bss	LINK_DEPENDENT
stateless_guest	basr_values	0xadd051e0	.bss	LINK_DEPENDENT
stateless_guest	call_frame_arena	0xadd051e0	.bss	LINK_DEPENDENT
stateless_guest	basr_accounts	0xaf5703e0	.bss	LINK_DEPENDENT
stateless_guest	baap_storage_desc	0xb0ddb5e0	.bss	LINK_DEPENDENT
stateless_guest	baap_storage_paths	0xb11abee0	.bss	LINK_DEPENDENT
stateless_guest	baap_storage_values	0xb17c66e0	.bss	LINK_DEPENDENT
stateless_guest	call_frame_arena_end	0xb411e1e0	.bss	LINK_DEPENDENT
stateless_guest	evm_memory_pool	0xb411e1e0	.bss	LINK_DEPENDENT
stateless_guest	evm_memory_pool_end	0xba11e1e0	.bss	LINK_DEPENDENT
stateless_guest	rb_running_block_bloom	0xba11e1e0	.bss	LINK_DEPENDENT
stateless_guest	rb_running_receipt_bloom	0xba11e2e0	.bss	LINK_DEPENDENT
stateless_guest	rb_bloom_checkpoints	0xba11e3e0	.bss	LINK_DEPENDENT
stateless_guest	bara_item_off	0xba15e3e0	.bss	LINK_DEPENDENT
stateless_guest	bara_item_len	0xba15e3e8	.bss	LINK_DEPENDENT
stateless_guest	bara_acct_len	0xba15e3f0	.bss	LINK_DEPENDENT
stateless_guest	bara_bal_end	0xba15e3f8	.bss	LINK_DEPENDENT
stateless_guest	bara_next_item	0xba15e400	.bss	LINK_DEPENDENT
stateless_guest	bara_skip_modeled_system	0xba15e408	.bss	LINK_DEPENDENT
stateless_guest	bara_path	0xba15e410	.bss	LINK_DEPENDENT
stateless_guest	bara_acct	0xba15e450	.bss	LINK_DEPENDENT
stateless_guest	iwd_ptr	0xba15e550	.bss	LINK_DEPENDENT
stateless_guest	iwd_len	0xba15e558	.bss	LINK_DEPENDENT
stateless_guest	iwd_hash	0xba15e560	.bss	LINK_DEPENDENT
stateless_guest	ins_wl	0xba15e580	.bss	LINK_DEPENDENT
stateless_guest	ins_node_len	0xba15e588	.bss	LINK_DEPENDENT
stateless_guest	ins_ref_len	0xba15e590	.bss	LINK_DEPENDENT
stateless_guest	mle_path_off	0xba15e598	.bss	LINK_DEPENDENT
stateless_guest	mle_path_len	0xba15e5a0	.bss	LINK_DEPENDENT
stateless_guest	ins_kcount	0xba15e5a8	.bss	LINK_DEPENDENT
stateless_guest	ins_lv_ptr	0xba15e5b0	.bss	LINK_DEPENDENT
stateless_guest	ins_lv_len	0xba15e5b8	.bss	LINK_DEPENDENT
stateless_guest	ins_m	0xba15e5c0	.bss	LINK_DEPENDENT
stateless_guest	ins_niba	0xba15e5c8	.bss	LINK_DEPENDENT
stateless_guest	ins_nibb	0xba15e5d0	.bss	LINK_DEPENDENT
stateless_guest	ins_node2_len	0xba15e5d8	.bss	LINK_DEPENDENT
stateless_guest	ins_ref2_len	0xba15e5e0	.bss	LINK_DEPENDENT
stateless_guest	ins_meta	0xba15e5e8	.bss	LINK_DEPENDENT
stateless_guest	ins_stack	0xba15e618	.bss	LINK_DEPENDENT
stateless_guest	ins_k	0xba15ee18	.bss	LINK_DEPENDENT
stateless_guest	ins_ref	0xba15f618	.bss	LINK_DEPENDENT
stateless_guest	ins_ref2	0xba15f658	.bss	LINK_DEPENDENT
stateless_guest	ins_node	0xba15f698	.bss	LINK_DEPENDENT
stateless_guest	ins_node2	0xba25f698	.bss	LINK_DEPENDENT
stateless_guest	mxne_field_len	0xba35f698	.bss	LINK_DEPENDENT
stateless_guest	mxne_hp_len	0xba35f6a0	.bss	LINK_DEPENDENT
stateless_guest	mxne_cursor	0xba35f6a8	.bss	LINK_DEPENDENT
stateless_guest	mxne_total_payload	0xba35f6b0	.bss	LINK_DEPENDENT
stateless_guest	mxne_hp_buf	0xba35f6b8	.bss	LINK_DEPENDENT
stateless_guest	mxne_payload_buf	0xba35fab8	.bss	LINK_DEPENDENT
stateless_guest	si_value_len	0xba363ab8	.bss	LINK_DEPENDENT
stateless_guest	si_value_scratch	0xba363ac0	.bss	LINK_DEPENDENT
stateless_guest	sahsr_state_root	0xba363bc0	.bss	LINK_DEPENDENT
stateless_guest	sahsr_acct_struct	0xba363be0	.bss	LINK_DEPENDENT
stateless_guest	sahsr_u256	0xba363c60	.bss	LINK_DEPENDENT
stateless_guest	sstore_prestate_pair	0xba363c80	.bss	LINK_DEPENDENT
stateless_guest	sstore_created_original_zero	0xba363cc0	.bss	LINK_DEPENDENT
stateless_guest	sstore_committed_current	0xba363ce0	.bss	LINK_DEPENDENT
stateless_guest	sstore_committed_hit	0xba363d00	.bss	LINK_DEPENDENT
stateless_guest	sstore_witness_absent	0xba363d08	.bss	LINK_DEPENDENT
stateless_guest	sstore_witness_integrity_fail	0xba363d10	.bss	LINK_DEPENDENT
stateless_guest	sstore_witness_last_status	0xba363d18	.bss	LINK_DEPENDENT
stateless_guest	cahsr_state_root	0xba363d20	.bss	LINK_DEPENDENT
stateless_guest	cahsr_acct_struct	0xba363d40	.bss	LINK_DEPENDENT
stateless_guest	cahsr_code_offset	0xba363da8	.bss	LINK_DEPENDENT
stateless_guest	cahsr_code_length	0xba363db0	.bss	LINK_DEPENDENT
stateless_guest	srpc_ctx	0xba363db8	.bss	LINK_DEPENDENT
stateless_guest	srpc_exec	0xba363e78	.bss	LINK_DEPENDENT
stateless_guest	srpc_code	0xba364078	.bss	LINK_DEPENDENT
stateless_guest	srpc_env_base	0xba3640b8	.bss	LINK_DEPENDENT
stateless_guest	m29_stage_cur	0xba3640c0	.bss	LINK_DEPENDENT
stateless_guest	m29_stage_count	0xba3640c8	.bss	LINK_DEPENDENT
stateless_guest	m29_stage_table	0xba3640d0	.bss	LINK_DEPENDENT
stateless_guest	m28_blob_stage_count	0xba3660d0	.bss	LINK_DEPENDENT
stateless_guest	m28_blob_stage_table	0xba3660d8	.bss	LINK_DEPENDENT
stateless_guest	m29_hash_tmp	0xba3662e0	.bss	LINK_DEPENDENT
stateless_guest	m29_off_tmp	0xba366300	.bss	LINK_DEPENDENT
stateless_guest	m29_len_tmp	0xba366308	.bss	LINK_DEPENDENT
stateless_guest	bhfwh_number_buf	0xba366310	.bss	LINK_DEPENDENT
stateless_guest	srpc_payload	0xba366318	.bss	LINK_DEPENDENT
stateless_guest	bfa_cnt	0xba366718	.bss	LINK_DEPENDENT
stateless_guest	bfa_index	0xba366720	.bss	LINK_DEPENDENT
stateless_guest	bfa_aoff	0xba366728	.bss	LINK_DEPENDENT
stateless_guest	bfa_alen	0xba366730	.bss	LINK_DEPENDENT
stateless_guest	bfa_doff	0xba366738	.bss	LINK_DEPENDENT
stateless_guest	bfa_dlen	0xba366740	.bss	LINK_DEPENDENT
stateless_guest	bfa_out_ptr	0xba366748	.bss	LINK_DEPENDENT
stateless_guest	bfa_out_len	0xba366750	.bss	LINK_DEPENDENT
stateless_guest	bfa_addr_hit	0xba366758	.bss	LINK_DEPENDENT
stateless_guest	bfa_addr_miss	0xba36676c	.bss	LINK_DEPENDENT
stateless_guest	bsbd_tgt_ptr	0xba366780	.bss	LINK_DEPENDENT
stateless_guest	bsbd_tgt_len	0xba366788	.bss	LINK_DEPENDENT
stateless_guest	bsbd_code_from_bal	0xba366790	.bss	LINK_DEPENDENT
stateless_guest	brsk_off	0xba366798	.bss	LINK_DEPENDENT
stateless_guest	brsk_len	0xba3667a0	.bss	LINK_DEPENDENT
stateless_guest	brsk_cnt	0xba3667a8	.bss	LINK_DEPENDENT
stateless_guest	brsk_eoff	0xba3667b0	.bss	LINK_DEPENDENT
stateless_guest	brsk_elen	0xba3667b8	.bss	LINK_DEPENDENT
stateless_guest	brsk_soff	0xba3667c0	.bss	LINK_DEPENDENT
stateless_guest	brsk_slen	0xba3667c8	.bss	LINK_DEPENDENT
stateless_guest	brsk_out	0xba3667e0	.bss	LINK_DEPENDENT
stateless_guest	bti_acct_cnt	0xba3668e0	.bss	LINK_DEPENDENT
stateless_guest	bti_aoff	0xba3668e8	.bss	LINK_DEPENDENT
stateless_guest	bti_alen	0xba3668f0	.bss	LINK_DEPENDENT
stateless_guest	bti_off	0xba3668f8	.bss	LINK_DEPENDENT
stateless_guest	bti_len	0xba366900	.bss	LINK_DEPENDENT
stateless_guest	bti_first_tx	0xba366908	.bss	LINK_DEPENDENT
stateless_guest	bti_has_write	0xba366910	.bss	LINK_DEPENDENT
stateless_guest	bti_conflict	0xba366918	.bss	LINK_DEPENDENT
stateless_guest	bti_err	0xba366920	.bss	LINK_DEPENDENT
stateless_guest	bti_rd_cnt	0xba366928	.bss	LINK_DEPENDENT
stateless_guest	bti_t_cnt	0xba366930	.bss	LINK_DEPENDENT
stateless_guest	bti_t_eoff	0xba366938	.bss	LINK_DEPENDENT
stateless_guest	bti_t_elen	0xba366940	.bss	LINK_DEPENDENT
stateless_guest	bti_t_foff	0xba366948	.bss	LINK_DEPENDENT
stateless_guest	bti_t_flen	0xba366950	.bss	LINK_DEPENDENT
stateless_guest	bti_sc_cnt	0xba366958	.bss	LINK_DEPENDENT
stateless_guest	bti_sc_soff	0xba366960	.bss	LINK_DEPENDENT
stateless_guest	bti_sc_slen	0xba366968	.bss	LINK_DEPENDENT
stateless_guest	bti_sc_coff	0xba366970	.bss	LINK_DEPENDENT
stateless_guest	bti_sc_clen	0xba366978	.bss	LINK_DEPENDENT
stateless_guest	bv_mtx_gas_left	0xba366980	.bss	LINK_DEPENDENT
stateless_guest	bv_mtx_precompile_lane	0xba379318	.bss	LINK_DEPENDENT
stateless_guest	bv_mtx_recipient_lookup_deferred	0xba379320	.bss	LINK_DEPENDENT
stateless_guest	bv_mtx_refund	0xba379328	.bss	LINK_DEPENDENT
stateless_guest	bv_mtx_calldata	0xba38bcc0	.bss	LINK_DEPENDENT
stateless_guest	bv_mtx_ctx	0xba39e658	.bss	LINK_DEPENDENT
stateless_guest	account_state_pending_checkpoint	0xba39e718	.bss	LINK_DEPENDENT
stateless_guest	runtime_tx_auth_effect_count_checkpoint	0xba39e720	.bss	LINK_DEPENDENT
stateless_guest	runtime_tx_auth_effect_overflow_checkpoint	0xba39e728	.bss	LINK_DEPENDENT
stateless_guest	bv_tx_auth_phase_applied_arr	0xba39e730	.bss	LINK_DEPENDENT
stateless_guest	dtrc_recipkey	0xba3b10c8	.bss	LINK_DEPENDENT
stateless_guest	dtrc_threadval	0xba3b10e8	.bss	LINK_DEPENDENT
stateless_guest	dtrc_slotkey_le	0xba3b1108	.bss	LINK_DEPENDENT
stateless_guest	dtrc_deleg_target	0xba3b1128	.bss	LINK_DEPENDENT
stateless_guest	dtrc_deleg_deferred	0xba3b1148	.bss	LINK_DEPENDENT
stateless_guest	dtrc_deleg_materialize_status	0xba3b1150	.bss	LINK_DEPENDENT
stateless_guest	bsbd_deleg_target	0xba3b1158	.bss	LINK_DEPENDENT
stateless_guest	dwp_al_off	0xba3b1170	.bss	LINK_DEPENDENT
stateless_guest	dwp_al_len	0xba3b1178	.bss	LINK_DEPENDENT
stateless_guest	bmvmx_avail	0xba3b1180	.bss	LINK_DEPENDENT
stateless_guest	eip7708_tl_typed_avail	0xba3b1188	.bss	LINK_DEPENDENT
stateless_guest	bv_receipts_completeness_shape	0xba3b1190	.bss	LINK_DEPENDENT
stateless_guest	bv_receipts_enforce_enabled	0xba3b1198	.bss	LINK_DEPENDENT
stateless_guest	bv_deposit_capture_only	0xba3b11a0	.bss	LINK_DEPENDENT
stateless_guest	bv_deposit_runtime_capture_complete	0xba3b11a8	.bss	LINK_DEPENDENT
stateless_guest	bmvmx_gas_used	0xba3b11b0	.bss	LINK_DEPENDENT
stateless_guest	bmvmx_txoff	0xba3b11b8	.bss	LINK_DEPENDENT
stateless_guest	bmvmx_ctx	0xba3b11c0	.bss	LINK_DEPENDENT
stateless_guest	bmvmx_value	0xba3b1280	.bss	LINK_DEPENDENT
stateless_guest	bmvmx_eff_gas_price	0xba3b12a0	.bss	LINK_DEPENDENT
stateless_guest	bmvmx_priority_fee	0xba3b12c0	.bss	LINK_DEPENDENT
stateless_guest	bmvmx_basefee_be	0xba3b12e0	.bss	LINK_DEPENDENT
stateless_guest	bmvmx_gascost	0xba3b1300	.bss	LINK_DEPENDENT
stateless_guest	bmvmx_sender_debit	0xba3b1320	.bss	LINK_DEPENDENT
stateless_guest	bmvmx_coinbase_credit	0xba3b1340	.bss	LINK_DEPENDENT
stateless_guest	bv_mtx_i	0xba3b1360	.bss	LINK_DEPENDENT
stateless_guest	sv_pre_rlp_ptr	0xba3b1368	.bss	LINK_DEPENDENT
stateless_guest	sv_pre_rlp_len	0xba3b1370	.bss	LINK_DEPENDENT
stateless_guest	bv_witness_state_ptr	0xba3b1378	.bss	LINK_DEPENDENT
stateless_guest	bv_witness_state_len	0xba3b1380	.bss	LINK_DEPENDENT
stateless_guest	dtrc_use_pre_header	0xba3b1388	.bss	LINK_DEPENDENT
stateless_guest	dtrc_hdr_ptr	0xba3b1390	.bss	LINK_DEPENDENT
stateless_guest	dtrc_hdr_len	0xba3b1398	.bss	LINK_DEPENDENT
stateless_guest	dtrc_auth_off	0xba3b13a0	.bss	LINK_DEPENDENT
stateless_guest	dtrc_auth_len	0xba3b13a8	.bss	LINK_DEPENDENT
stateless_guest	bmvmx_coinbase_addr	0xba3b13b0	.bss	LINK_DEPENDENT
stateless_guest	bmvmx_acct	0xba3b13c8	.bss	LINK_DEPENDENT
stateless_guest	bmvmx_cb_acct_ptr	0xba3b1430	.bss	LINK_DEPENDENT
stateless_guest	bmvmx_cb_acct_len	0xba3b1438	.bss	LINK_DEPENDENT
stateless_guest	bmvmx_cb_bal_len	0xba3b1440	.bss	LINK_DEPENDENT
stateless_guest	bmvmx_cb_nonce_len	0xba3b1448	.bss	LINK_DEPENDENT
stateless_guest	bmvmx_coinbase_match	0xba3b1450	.bss	LINK_DEPENDENT
stateless_guest	bmvmx_cb_balbytes	0xba3b1460	.bss	LINK_DEPENDENT
stateless_guest	bmvmx_cb_post	0xba3b1480	.bss	LINK_DEPENDENT
stateless_guest	bmvmx_cb_expected	0xba3b14a0	.bss	LINK_DEPENDENT
stateless_guest	bmvmx_cb_nonce	0xba3b14c0	.bss	LINK_DEPENDENT
stateless_guest	bmvmx_sender_addr	0xba3b14e0	.bss	LINK_DEPENDENT
stateless_guest	srpc_sender_addr	0xba3b14f8	.bss	LINK_DEPENDENT
stateless_guest	gp_egp	0xba3b1510	.bss	LINK_DEPENDENT
stateless_guest	gp_prio	0xba3b1530	.bss	LINK_DEPENDENT
stateless_guest	bv_mtx_skip_list	0xba3b1550	.bss	LINK_DEPENDENT
stateless_guest	bv_mtx_skip_count	0xba4462b0	.bss	LINK_DEPENDENT
stateless_guest	bv_mtx_skip_idx	0xba4462b8	.bss	LINK_DEPENDENT
stateless_guest	bv_mtx_skip_ctx	0xba4462c0	.bss	LINK_DEPENDENT
stateless_guest	bv_mtx_effective_recipient_table	0xba446380	.bss	LINK_DEPENDENT
stateless_guest	exec_nonstorage_effect_agg_count	0xba4909e0	.bss	LINK_DEPENDENT
stateless_guest	exec_nonstorage_effect_agg	0xba4909e8	.bss	LINK_DEPENDENT
stateless_guest	body_state_snapshot_by_depth	0xba8ac428	.bss	LINK_DEPENDENT
stateless_guest	b1sc_sort_a	0xba8c84a0	.bss	LINK_DEPENDENT
stateless_guest	b1sc_sort_b	0xba912b00	.bss	LINK_DEPENDENT
stateless_guest	b1sc_counts	0xba95d160	.bss	LINK_DEPENDENT
stateless_guest	bv_b1_sender_count	0xba95d960	.bss	LINK_DEPENDENT
stateless_guest	bv_b1_sender_table	0xba95d968	.bss	LINK_DEPENDENT
stateless_guest	b1an_auth_off	0xba9ba960	.bss	LINK_DEPENDENT
stateless_guest	b1an_auth_len	0xba9ba968	.bss	LINK_DEPENDENT
stateless_guest	b1an_target_off	0xba9ba970	.bss	LINK_DEPENDENT
stateless_guest	b1an_target_len	0xba9ba978	.bss	LINK_DEPENDENT
stateless_guest	b1an_auth_count	0xba9ba980	.bss	LINK_DEPENDENT
stateless_guest	b1an_auth_i	0xba9ba988	.bss	LINK_DEPENDENT
stateless_guest	b1an_item_off	0xba9ba990	.bss	LINK_DEPENDENT
stateless_guest	b1an_item_len	0xba9ba998	.bss	LINK_DEPENDENT
stateless_guest	b1an_field	0xba9ba9a0	.bss	LINK_DEPENDENT
stateless_guest	b1an_signed_nonce	0xba9ba9a8	.bss	LINK_DEPENDENT
stateless_guest	b1an_authority	0xba9ba9b0	.bss	LINK_DEPENDENT
stateless_guest	b1an_recover_scratch	0xba9ba9d0	.bss	LINK_DEPENDENT
stateless_guest	bv_b1_expected	0xba9baa30	.bss	LINK_DEPENDENT
stateless_guest	bv_b1_acct_ptr	0xba9baa38	.bss	LINK_DEPENDENT
stateless_guest	bv_b1_acct_len	0xba9baa40	.bss	LINK_DEPENDENT
stateless_guest	bv_b1_finals	0xba9baa48	.bss	LINK_DEPENDENT
stateless_guest	bv_b2_count	0xba9baaa0	.bss	LINK_DEPENDENT
stateless_guest	bv_b2_table	0xba9baac0	.bss	LINK_DEPENDENT
stateless_guest	bv_b2_debit_out	0xbaa4f780	.bss	LINK_DEPENDENT
stateless_guest	bv_b23_txtype	0xbaa4f7b0	.bss	LINK_DEPENDENT
stateless_guest	bv_b23_innoff	0xbaa4f7b8	.bss	LINK_DEPENDENT
stateless_guest	bv_b23_blobcount	0xbaa4f7c0	.bss	LINK_DEPENDENT
stateless_guest	bv_b23_feedebit	0xbaa4f7e0	.bss	LINK_DEPENDENT
stateless_guest	mtxsd_gascost	0xbaa4f800	.bss	LINK_DEPENDENT
stateless_guest	c3ns_acct_count	0xbaa4f820	.bss	LINK_DEPENDENT
stateless_guest	c3ns_acct_off	0xbaa4f828	.bss	LINK_DEPENDENT
stateless_guest	c3ns_acct_len	0xbaa4f830	.bss	LINK_DEPENDENT
stateless_guest	c3ns_addr_off	0xbaa4f838	.bss	LINK_DEPENDENT
stateless_guest	c3ns_addr_len	0xbaa4f840	.bss	LINK_DEPENDENT
stateless_guest	c2nsc_finals	0xbaa4f848	.bss	LINK_DEPENDENT
stateless_guest	c2nsf_off	0xbaa4f8a0	.bss	LINK_DEPENDENT
stateless_guest	c2nsf_len	0xbaa4f8a8	.bss	LINK_DEPENDENT
stateless_guest	c2nsf_cnt	0xbaa4f8b0	.bss	LINK_DEPENDENT
stateless_guest	c2nsf_toff	0xbaa4f8b8	.bss	LINK_DEPENDENT
stateless_guest	c2nsf_tlen	0xbaa4f8c0	.bss	LINK_DEPENDENT
stateless_guest	c2nsf_coff	0xbaa4f8c8	.bss	LINK_DEPENDENT
stateless_guest	c2nsf_clen	0xbaa4f8d0	.bss	LINK_DEPENDENT
stateless_guest	c3cov_acct_count	0xbaa4f8d8	.bss	LINK_DEPENDENT
stateless_guest	c3cov_acct_off	0xbaa4f8e0	.bss	LINK_DEPENDENT
stateless_guest	c3cov_acct_len	0xbaa4f8e8	.bss	LINK_DEPENDENT
stateless_guest	c3cov_addr_off	0xbaa4f8f0	.bss	LINK_DEPENDENT
stateless_guest	c3cov_addr_len	0xbaa4f8f8	.bss	LINK_DEPENDENT
stateless_guest	c3cov_covered	0xbaa4f900	.bss	LINK_DEPENDENT
stateless_guest	bacc_finals	0xbaa58f40	.bss	LINK_DEPENDENT
stateless_guest	yisv8_self_bal	0xbaa58fa0	.bss	LINK_DEPENDENT
stateless_guest	bmvmx_sender_match	0xbaa58fc0	.bss	LINK_DEPENDENT
stateless_guest	bmvmx_sender_checked	0xbaa58fc8	.bss	LINK_DEPENDENT
stateless_guest	bmvmx_coinbase_checked	0xbaa58fd0	.bss	LINK_DEPENDENT
stateless_guest	sdfg_gascost	0xbaa58fe0	.bss	LINK_DEPENDENT
stateless_guest	tgbpvr_in	0xbaa59000	.bss	LINK_DEPENDENT
stateless_guest	tgbpvr_pre	0xbaa59020	.bss	LINK_DEPENDENT
stateless_guest	tgbpvr_post	0xbaa59040	.bss	LINK_DEPENDENT
stateless_guest	tgbpvr_egp	0xbaa59060	.bss	LINK_DEPENDENT
stateless_guest	tgbpvr_prio	0xbaa59080	.bss	LINK_DEPENDENT
stateless_guest	tgbpvr_value	0xbaa590a0	.bss	LINK_DEPENDENT
stateless_guest	tgbpvr_gasdebit	0xbaa590c0	.bss	LINK_DEPENDENT
stateless_guest	tgbpvr_expected	0xbaa590e0	.bss	LINK_DEPENDENT
stateless_guest	tgbpvr_zero	0xbaa59100	.bss	LINK_DEPENDENT
stateless_guest	tgbpvr_blobdebit	0xbaa59120	.bss	LINK_DEPENDENT
stateless_guest	tgbpvr_to	0xbaa59140	.bss	LINK_DEPENDENT
stateless_guest	tgbpvr_iscreation	0xbaa59158	.bss	LINK_DEPENDENT
stateless_guest	tgbpvr_tx_type	0xbaa59160	.bss	LINK_DEPENDENT
stateless_guest	tgbpvr_inner_off	0xbaa59168	.bss	LINK_DEPENDENT
stateless_guest	tgbpvr_blob_count	0xbaa59170	.bss	LINK_DEPENDENT
stateless_guest	tgbpvr_lookup	0xbaa59178	.bss	LINK_DEPENDENT
stateless_guest	bv_sender_bal_check	0xbaa59220	.bss	LINK_DEPENDENT
stateless_guest	bv_upfront_cost	0xbaa592e0	.bss	LINK_DEPENDENT
stateless_guest	bv_upfront_blob_cost	0xbaa59300	.bss	LINK_DEPENDENT
stateless_guest	bv_upfront_blob_count	0xbaa59320	.bss	LINK_DEPENDENT
stateless_guest	bv_upfront_islt	0xbaa59328	.bss	LINK_DEPENDENT
stateless_guest	bv_fee_egp_scratch	0xbaa59330	.bss	LINK_DEPENDENT
stateless_guest	bv_fee_prio_scratch	0xbaa59350	.bss	LINK_DEPENDENT
stateless_guest	bv_mtx_base_fee_be	0xbaa59370	.bss	LINK_DEPENDENT
stateless_guest	bv_mtx_cbfee_receipt_inc	0xbaa59390	.bss	LINK_DEPENDENT
stateless_guest	bv_mtx_cbfee_egp	0xbaa593a0	.bss	LINK_DEPENDENT
stateless_guest	bv_mtx_cbfee_priority	0xbaa593c0	.bss	LINK_DEPENDENT
stateless_guest	bv_mtx_cbfee_credit	0xbaa593e0	.bss	LINK_DEPENDENT
stateless_guest	bv_mtx_cbfee_pre	0xbaa59400	.bss	LINK_DEPENDENT
stateless_guest	bv_mtx_cbfee_post	0xbaa59420	.bss	LINK_DEPENDENT
stateless_guest	bv_mtx_sender_addr	0xbaa59440	.bss	LINK_DEPENDENT
stateless_guest	bv_mtx_sender_acct	0xbaa59460	.bss	LINK_DEPENDENT
stateless_guest	bv_stx_sender_addr	0xbaa594e0	.bss	LINK_DEPENDENT
stateless_guest	bv_stx_sender_acct	0xbaa59500	.bss	LINK_DEPENDENT
stateless_guest	batsc_acct_count	0xbaa59580	.bss	LINK_DEPENDENT
stateless_guest	batsc_acct_off	0xbaa59588	.bss	LINK_DEPENDENT
stateless_guest	batsc_acct_len	0xbaa59590	.bss	LINK_DEPENDENT
stateless_guest	batsc_addr_off	0xbaa59598	.bss	LINK_DEPENDENT
stateless_guest	batsc_addr_len	0xbaa595a0	.bss	LINK_DEPENDENT
stateless_guest	batsc_key	0xbaa595c0	.bss	LINK_DEPENDENT
stateless_guest	atsc_balcount	0xbaa595e0	.bss	LINK_DEPENDENT
stateless_guest	atsc_key	0xbaa59600	.bss	LINK_DEPENDENT
stateless_guest	atsc_key_le	0xbaa59620	.bss	LINK_DEPENDENT
stateless_guest	atsc_balbuf	0xbaa59640	.bss	LINK_DEPENDENT
stateless_guest	atsc_execbuf	0xbaabb0c0	.bss	LINK_DEPENDENT
stateless_guest	sust_zero_txindex	0xbab1cb40	.bss	LINK_DEPENDENT
stateless_guest	sust_sys_txindex_ptr	0xbab5cb40	.bss	LINK_DEPENDENT
stateless_guest	sust_systx	0xbab5cb48	.bss	LINK_DEPENDENT
stateless_guest	sust_endcount	0xbab5cb50	.bss	LINK_DEPENDENT
stateless_guest	sust_sysbuf	0xbab5cb60	.bss	LINK_DEPENDENT
stateless_guest	sust_userbuf	0xbabbe5e0	.bss	LINK_DEPENDENT
stateless_guest	sust_endbuf	0xbac20060	.bss	LINK_DEPENDENT
stateless_guest	bts_keypad	0xbac81ae0	.bss	LINK_DEPENDENT
stateless_guest	els_running	0xbac81b00	.bss	LINK_DEPENDENT
stateless_guest	els_groupval	0xbac81b20	.bss	LINK_DEPENDENT
stateless_guest	els_grouptx	0xbac81b40	.bss	LINK_DEPENDENT
stateless_guest	els_haverun	0xbac81b48	.bss	LINK_DEPENDENT
stateless_guest	els_havegrp	0xbac81b50	.bss	LINK_DEPENDENT
stateless_guest	els_txfilter_lo	0xbac81b58	.bss	LINK_DEPENDENT
stateless_guest	els_txfilter_hi	0xbac81b60	.bss	LINK_DEPENDENT
stateless_guest	teer_success_count	0xbac81b68	.bss	LINK_DEPENDENT
stateless_guest	teer_sender_addr	0xbac81b70	.bss	LINK_DEPENDENT
stateless_guest	teer_success_table	0xbac81b90	.bss	LINK_DEPENDENT
stateless_guest	bv_eip7702_authority_event_count	0xbac8a010	.bss	LINK_DEPENDENT
stateless_guest	bv_eip7702_authority_count	0xbac8a018	.bss	LINK_DEPENDENT
stateless_guest	bv_eip7702_authority_overflow	0xbac8a020	.bss	LINK_DEPENDENT
stateless_guest	bv_eip7702_authority_table	0xbac8a040	.bss	LINK_DEPENDENT
stateless_guest	bv_eip7702_authority_counts	0xbae257c0	.bss	LINK_DEPENDENT
stateless_guest	message_value_transfer_sender_pre	0xbae25fc0	.bss	LINK_DEPENDENT
stateless_guest	message_value_transfer_sender_post	0xbae25fe0	.bss	LINK_DEPENDENT
stateless_guest	message_value_transfer_recipient_post	0xbae26000	.bss	LINK_DEPENDENT
stateless_guest	eip7702_auth_code_next	0xbae26020	.bss	LINK_DEPENDENT
stateless_guest	eip7702_auth_code_slots	0xbae26028	.bss	LINK_DEPENDENT
stateless_guest	account_writes_auth_prepare_mark	0xbaebbf20	.bss	LINK_DEPENDENT
stateless_guest	account_builder_pre_account	0xbaebbf40	.bss	LINK_DEPENDENT
stateless_guest	account_builder_post_code_hash	0xbaebbfa8	.bss	LINK_DEPENDENT
stateless_guest	account_builder_block_code_hash	0xbaebbfc8	.bss	LINK_DEPENDENT
stateless_guest	account_builder_diag_balance_pairs	0xbaebbfe8	.bss	LINK_DEPENDENT
stateless_guest	account_builder_diag_nonce_pairs	0xbaebc168	.bss	LINK_DEPENDENT
stateless_guest	bal_builder_current_bai	0xbaebc228	.bss	LINK_DEPENDENT
stateless_guest	bal_builder_account_count	0xbaebc230	.bss	LINK_DEPENDENT
stateless_guest	besc_addr_be	0xbaebc238	.bss	LINK_DEPENDENT
stateless_guest	besc_slot_be	0xbaebc258	.bss	LINK_DEPENDENT
stateless_guest	besc_base_le	0xbaebc278	.bss	LINK_DEPENDENT
stateless_guest	bal_builder_storage_change_count	0xbaebc298	.bss	LINK_DEPENDENT
stateless_guest	bal_builder_balance_count	0xbaebc2a0	.bss	LINK_DEPENDENT
stateless_guest	bal_builder_nonce_count	0xbaebc2a8	.bss	LINK_DEPENDENT
stateless_guest	bal_builder_code_count	0xbaebc2b0	.bss	LINK_DEPENDENT
stateless_guest	bal_builder_overflow	0xbaebc2b8	.bss	LINK_DEPENDENT
stateless_guest	bal_builder_storage_change_overflow	0xbaebc2c0	.bss	LINK_DEPENDENT
stateless_guest	bal_builder_balance_overflow	0xbaebc2c8	.bss	LINK_DEPENDENT
stateless_guest	bal_builder_nonce_overflow	0xbaebc2d0	.bss	LINK_DEPENDENT
stateless_guest	bal_builder_code_overflow	0xbaebc2d8	.bss	LINK_DEPENDENT
stateless_guest	bal_builder_accounts	0xbaebc2e0	.bss	LINK_DEPENDENT
stateless_guest	bal_serializer_len_table	0xbb1f07e0	.bss	LINK_DEPENDENT
stateless_guest	bal_serializer_outer_payload	0xbb1f0810	.bss	LINK_DEPENDENT
stateless_guest	bal_serializer_surviving_read_count	0xbb1f0818	.bss	LINK_DEPENDENT
stateless_guest	bal_serializer_u64_field	0xbb1f0820	.bss	LINK_DEPENDENT
stateless_guest	bal_serializer_slot_le	0xbb1f0840	.bss	LINK_DEPENDENT
stateless_guest	bal_serializer_balance_le	0xbb1f0860	.bss	LINK_DEPENDENT
stateless_guest	bal_serializer_sort_status	0xbb1f0880	.bss	LINK_DEPENDENT
stateless_guest	bal_serializer_rebuilt_ctx	0xbb1f0888	.bss	LINK_DEPENDENT
stateless_guest	bal_serializer_rebuilt_hash	0xbb1f0a88	.bss	LINK_DEPENDENT
stateless_guest	bal_serializer_supplied_hash	0xbb1f0aa8	.bss	LINK_DEPENDENT
stateless_guest	bal_serializer_hdr_scratch	0xbb1f0ac8	.bss	LINK_DEPENDENT
stateless_guest	bal_serializer_throwaway_ctx	0xbb1f0ad8	.bss	LINK_DEPENDENT
stateless_guest	bal_builder_storage_changes	0xbb1f0ba8	.bss	LINK_DEPENDENT
stateless_guest	bal_builder_balance_changes	0xbb64a868	.bss	LINK_DEPENDENT
stateless_guest	bal_builder_nonce_changes	0xbbcb3268	.bss	LINK_DEPENDENT
stateless_guest	bal_builder_code_changes	0xbbe08f28	.bss	LINK_DEPENDENT
stateless_guest	tx_storage_reads_count	0xbbed6068	.bss	LINK_DEPENDENT
stateless_guest	tx_storage_reads_overflow	0xbbed6070	.bss	LINK_DEPENDENT
stateless_guest	storage_writes_count	0xbbed6078	.bss	LINK_DEPENDENT
stateless_guest	storage_writes_overflow	0xbbed6080	.bss	LINK_DEPENDENT
stateless_guest	tx_storage_writes_count	0xbbed6088	.bss	LINK_DEPENDENT
stateless_guest	tx_storage_writes_overflow	0xbbed6090	.bss	LINK_DEPENDENT
stateless_guest	storage_writes_undo_count	0xbbed6098	.bss	LINK_DEPENDENT
stateless_guest	storage_writes_undo_checkpoint	0xbbed60a0	.bss	LINK_DEPENDENT
stateless_guest	account_writes_count	0xbbed80a8	.bss	LINK_DEPENDENT
stateless_guest	account_writes_overflow	0xbbed80b0	.bss	LINK_DEPENDENT
stateless_guest	tx_account_writes_count	0xbbed80b8	.bss	LINK_DEPENDENT
stateless_guest	tx_account_writes_overflow	0xbbed80c0	.bss	LINK_DEPENDENT
stateless_guest	account_writes_undo_count	0xbbed80c8	.bss	LINK_DEPENDENT
stateless_guest	bal_sort_ranges	0xbbed80d0	.bss	LINK_DEPENDENT
stateless_guest	kcs_lengths	0xbbee80d0	.bss	LINK_DEPENDENT
stateless_guest	kcs_prefixes	0xbbee8118	.bss	LINK_DEPENDENT
stateless_guest	tx_account_reads_count	0xbbee8138	.bss	LINK_DEPENDENT
stateless_guest	tx_account_reads_overflow	0xbbee8140	.bss	LINK_DEPENDENT
stateless_guest	tx_code_reads_count	0xbbee8148	.bss	LINK_DEPENDENT
stateless_guest	tx_code_reads_overflow	0xbbee8150	.bss	LINK_DEPENDENT
stateless_guest	storage_reads_count	0xbbee8158	.bss	LINK_DEPENDENT
stateless_guest	storage_reads_overflow	0xbbee8160	.bss	LINK_DEPENDENT
stateless_guest	account_reads_count	0xbbee8168	.bss	LINK_DEPENDENT
stateless_guest	account_reads_overflow	0xbbee8170	.bss	LINK_DEPENDENT
stateless_guest	code_reads_count	0xbbee8178	.bss	LINK_DEPENDENT
stateless_guest	code_reads_overflow	0xbbee8180	.bss	LINK_DEPENDENT
stateless_guest	scc_ctx	0xbbee8188	.bss	LINK_DEPENDENT
stateless_guest	scc_preload_ptr	0xbbee8248	.bss	LINK_DEPENDENT
stateless_guest	scc_preload_count	0xbbee8250	.bss	LINK_DEPENDENT
stateless_guest	ssc_saved_ra	0xbbee8258	.bss	LINK_DEPENDENT
stateless_guest	ssc_saved_s0	0xbbee8260	.bss	LINK_DEPENDENT
stateless_guest	dbsr_saved_ra	0xbbee8268	.bss	LINK_DEPENDENT
stateless_guest	dbsr_ccode	0xbbee8270	.bss	LINK_DEPENDENT
stateless_guest	dbsr_in_clen	0xbbee8278	.bss	LINK_DEPENDENT
stateless_guest	dbsr_exec	0xbbee8280	.bss	LINK_DEPENDENT
stateless_guest	dbsr_staging	0xbbee8288	.bss	LINK_DEPENDENT
stateless_guest	dbsr_wlen	0xbbee8290	.bss	LINK_DEPENDENT
stateless_guest	dbsr_clen	0xbbee8298	.bss	LINK_DEPENDENT
stateless_guest	dbsr_bdlen	0xbbee82a0	.bss	LINK_DEPENDENT
stateless_guest	dbsr_belen	0xbbee82a8	.bss	LINK_DEPENDENT
stateless_guest	dbsr_wbody	0xbbee82b0	.bss	LINK_DEPENDENT
stateless_guest	dbsr_cbody	0xbbee8ab0	.bss	LINK_DEPENDENT
stateless_guest	dbsr_bdbody	0xbbee92b0	.bss	LINK_DEPENDENT
stateless_guest	dbsr_bebody	0xbbeec2b0	.bss	LINK_DEPENDENT
stateless_guest	aer_bd_ptr	0xbbeecab0	.bss	LINK_DEPENDENT
stateless_guest	aer_bd_len	0xbbeecab8	.bss	LINK_DEPENDENT
stateless_guest	aer_be_ptr	0xbbeecac0	.bss	LINK_DEPENDENT
stateless_guest	aer_be_len	0xbbeecac8	.bss	LINK_DEPENDENT
stateless_guest	pdr_out	0xbbeecad0	.bss	LINK_DEPENDENT
stateless_guest	pdr_status	0xbbeed2d0	.bss	LINK_DEPENDENT
stateless_guest	rhv_hash	0xbbeed2d8	.bss	LINK_DEPENDENT
stateless_guest	sps_keys	0xbbeed2f8	.bss	LINK_DEPENDENT
stateless_guest	sps_tuples	0xbc1fa6f8	.bss	LINK_DEPENDENT
stateless_guest	sps_sysidx	0xbc25c178	.bss	LINK_DEPENDENT
stateless_guest	sps_addr	0xbc25c180	.bss	LINK_DEPENDENT
stateless_guest	sps_header	0xbc25c1a0	.bss	LINK_DEPENDENT
stateless_guest	sps_header_len	0xbc25c1a8	.bss	LINK_DEPENDENT
stateless_guest	sps_state	0xbc25c1b0	.bss	LINK_DEPENDENT
stateless_guest	sps_state_len	0xbc25c1b8	.bss	LINK_DEPENDENT
stateless_guest	sps_storage	0xbc25c1c0	.bss	LINK_DEPENDENT
stateless_guest	sps_storage_len	0xbc25c1c8	.bss	LINK_DEPENDENT
stateless_guest	runtime_dispatcher_caller_ra	0xbc25c1d0	.bss	LINK_DEPENDENT
stateless_guest	runtime_dispatcher_caller_sp	0xbc25c1d8	.bss	LINK_DEPENDENT
stateless_guest	runtime_dispatcher_input_ptr	0xbc25c1e0	.bss	LINK_DEPENDENT
stateless_guest	runtime_tx_access_list_ptr	0xbc25c1e8	.bss	LINK_DEPENDENT
stateless_guest	runtime_tx_access_list_len	0xbc25c1f0	.bss	LINK_DEPENDENT
stateless_guest	runtime_tx_access_list_seed_fn	0xbc25c1f8	.bss	LINK_DEPENDENT
stateless_guest	runtime_tx_auth_list_ptr	0xbc25c200	.bss	LINK_DEPENDENT
stateless_guest	runtime_tx_auth_list_len	0xbc25c208	.bss	LINK_DEPENDENT
stateless_guest	runtime_tx_auth_warm_fn	0xbc25c210	.bss	LINK_DEPENDENT
stateless_guest	runtime_tx_auth_count	0xbc25c218	.bss	LINK_DEPENDENT
stateless_guest	runtime_tx_auth_exec_fn	0xbc25c220	.bss	LINK_DEPENDENT
stateless_guest	runtime_tx_auth_phase_halted	0xbc25c228	.bss	LINK_DEPENDENT
stateless_guest	runtime_tx_account_read_suppress	0xbc25c230	.bss	LINK_DEPENDENT
stateless_guest	runtime_tx_state_gas_ptr	0xbc25c238	.bss	LINK_DEPENDENT
stateless_guest	runtime_tx_auth_inner_ptr	0xbc25c240	.bss	LINK_DEPENDENT
stateless_guest	runtime_tx_auth_inner_len	0xbc25c248	.bss	LINK_DEPENDENT
stateless_guest	runtime_tx_auth_sender_ptr	0xbc25c250	.bss	LINK_DEPENDENT
stateless_guest	runtime_tx_auth_type	0xbc25c258	.bss	LINK_DEPENDENT
stateless_guest	runtime_tx_auth_state_refund	0xbc25c260	.bss	LINK_DEPENDENT
stateless_guest	runtime_tx_auth_state_charge	0xbc25c268	.bss	LINK_DEPENDENT
stateless_guest	runtime_tx_auth_state_charged	0xbc25c270	.bss	LINK_DEPENDENT
stateless_guest	runtime_tx_auth_regular_refund	0xbc25c278	.bss	LINK_DEPENDENT
stateless_guest	runtime_tx_create_state_charge	0xbc25c280	.bss	LINK_DEPENDENT
stateless_guest	runtime_current_bal_ptr	0xbc25c288	.bss	LINK_DEPENDENT
stateless_guest	runtime_current_bal_len	0xbc25c290	.bss	LINK_DEPENDENT
stateless_guest	rsbd_count	0xbc25c298	.bss	LINK_DEPENDENT
stateless_guest	rsbd_acct_off	0xbc25c2a0	.bss	LINK_DEPENDENT
stateless_guest	rsbd_acct_len	0xbc25c2a8	.bss	LINK_DEPENDENT
stateless_guest	rsbd_field_off	0xbc25c2b0	.bss	LINK_DEPENDENT
stateless_guest	rsbd_field_len	0xbc25c2b8	.bss	LINK_DEPENDENT
stateless_guest	rsbd_code_count	0xbc25c2c0	.bss	LINK_DEPENDENT
stateless_guest	rsbd_tuple_off	0xbc25c2c8	.bss	LINK_DEPENDENT
stateless_guest	rsbd_tuple_len	0xbc25c2d0	.bss	LINK_DEPENDENT
stateless_guest	rsbd_code_off	0xbc25c2d8	.bss	LINK_DEPENDENT
stateless_guest	rsbd_code_len_cell	0xbc25c2e0	.bss	LINK_DEPENDENT
stateless_guest	rsbd_code_ptr	0xbc25c2e8	.bss	LINK_DEPENDENT
stateless_guest	rsbd_code_len	0xbc25c2f0	.bss	LINK_DEPENDENT
stateless_guest	rsbd_hash	0xbc25c2f8	.bss	LINK_DEPENDENT
stateless_guest	eahsr_same_tx_empty_flag	0xbc25c318	.bss	LINK_DEPENDENT
stateless_guest	ecc_old_active	0xbc25c320	.bss	LINK_DEPENDENT
stateless_guest	ecc_same_block_hit	0xbc25c328	.bss	LINK_DEPENDENT
stateless_guest	bv_cdl_stage	0xbc25c330	.bss	LINK_DEPENDENT
stateless_guest	txal_type	0xbc25c370	.bss	LINK_DEPENDENT
stateless_guest	txal_inner_off	0xbc25c378	.bss	LINK_DEPENDENT
stateless_guest	txal_span_ptr	0xbc25c380	.bss	LINK_DEPENDENT
stateless_guest	txal_span_len	0xbc25c388	.bss	LINK_DEPENDENT
stateless_guest	t29_offset	0xbc25c390	.bss	LINK_DEPENDENT
stateless_guest	t29_length	0xbc25c398	.bss	LINK_DEPENDENT
stateless_guest	t1d_offset	0xbc25c3a0	.bss	LINK_DEPENDENT
stateless_guest	t1d_length	0xbc25c3a8	.bss	LINK_DEPENDENT
stateless_guest	t77_offset	0xbc25c3b0	.bss	LINK_DEPENDENT
stateless_guest	t77_length	0xbc25c3b8	.bss	LINK_DEPENDENT
stateless_guest	txal_decode	0xbc25c3c0	.bss	LINK_DEPENDENT
stateless_guest	stal_scratch	0xbc25c4b8	.bss	LINK_DEPENDENT
stateless_guest	stal_eoff	0xbc25c4c0	.bss	LINK_DEPENDENT
stateless_guest	stal_elen	0xbc25c4c8	.bss	LINK_DEPENDENT
stateless_guest	stal_aoff	0xbc25c4d0	.bss	LINK_DEPENDENT
stateless_guest	stal_alen	0xbc25c4d8	.bss	LINK_DEPENDENT
stateless_guest	stal_soff	0xbc25c4e0	.bss	LINK_DEPENDENT
stateless_guest	stal_slen	0xbc25c4e8	.bss	LINK_DEPENDENT
stateless_guest	stal_koff	0xbc25c4f0	.bss	LINK_DEPENDENT
stateless_guest	stal_klen	0xbc25c4f8	.bss	LINK_DEPENDENT
stateless_guest	stal_token	0xbc25c500	.bss	LINK_DEPENDENT
stateless_guest	stal_token_le	0xbc25c520	.bss	LINK_DEPENDENT
stateless_guest	stal_slot_le	0xbc25c540	.bss	LINK_DEPENDENT
stateless_guest	runtime_tx_calldata_floor	0xbc25c560	.bss	LINK_DEPENDENT
stateless_guest	runtime_tx_intrinsic_data_ptr	0xbc25c568	.bss	LINK_DEPENDENT
stateless_guest	runtime_tx_intrinsic_data_len	0xbc25c570	.bss	LINK_DEPENDENT
stateless_guest	runtime_tx_intrinsic_regular	0xbc25c578	.bss	LINK_DEPENDENT
stateless_guest	runtime_tx_top_frame_regular_gas	0xbc25c580	.bss	LINK_DEPENDENT
stateless_guest	runtime_tx_post_preparation_reached	0xbc25c588	.bss	LINK_DEPENDENT
stateless_guest	runtime_tx_post_top_frame_fn	0xbc25c590	.bss	LINK_DEPENDENT
stateless_guest	runtime_tx_oog_hook	0xbc25c598	.bss	LINK_DEPENDENT
stateless_guest	runtime_tx_prepare_only	0xbc25c5a0	.bss	LINK_DEPENDENT
stateless_guest	runtime_tx_prepare_prefix_status	0xbc25c5a8	.bss	LINK_DEPENDENT
stateless_guest	runtime_tx_access_list_address_count	0xbc25c5b0	.bss	LINK_DEPENDENT
stateless_guest	runtime_tx_access_list_storage_key_count	0xbc25c5b8	.bss	LINK_DEPENDENT
stateless_guest	callee_seed_count	0xbc25c5c0	.bss	LINK_DEPENDENT
stateless_guest	callee_seed_table	0xbc25c5e0	.bss	LINK_DEPENDENT
stateless_guest	evm_refund_acc	0xbc25f5e0	.bss	LINK_DEPENDENT
stateless_guest	ecrecover_backend_ptr	0xbc25f5e8	.bss	LINK_DEPENDENT
stateless_guest	ecr_abi	0xbc25f5f0	.bss	LINK_DEPENDENT
stateless_guest	ecr_pubkey	0xbc25f670	.bss	LINK_DEPENDENT
stateless_guest	ecr_hash	0xbc25f6b0	.bss	LINK_DEPENDENT
stateless_guest	bnc_le_p1	0xbc25f6d0	.bss	LINK_DEPENDENT
stateless_guest	bnc_le_p2	0xbc25f710	.bss	LINK_DEPENDENT
stateless_guest	bnc_point_tmp	0xbc25f750	.bss	LINK_DEPENDENT
stateless_guest	bnc_t	0xbc25f790	.bss	LINK_DEPENDENT
stateless_guest	bnc_rhs	0xbc25f7b0	.bss	LINK_DEPENDENT
stateless_guest	bnc_y2	0xbc25f7d0	.bss	LINK_DEPENDENT
stateless_guest	bn254_allot_rest	0xbc25f7f0	.bss	LINK_DEPENDENT
stateless_guest	blsf_le_zero	0xbc25f7f8	.bss	LINK_DEPENDENT
stateless_guest	blsf_le_a	0xbc25f828	.bss	LINK_DEPENDENT
stateless_guest	blsf_le_b	0xbc25f858	.bss	LINK_DEPENDENT
stateless_guest	blsf_le_d	0xbc25f888	.bss	LINK_DEPENDENT
stateless_guest	blsf_p1	0xbc25f8b8	.bss	LINK_DEPENDENT
stateless_guest	blsf_p2	0xbc25f918	.bss	LINK_DEPENDENT
stateless_guest	blsf_f1	0xbc25f978	.bss	LINK_DEPENDENT
stateless_guest	blsf_f2	0xbc25f9d8	.bss	LINK_DEPENDENT
stateless_guest	blsg_t	0xbc25fa38	.bss	LINK_DEPENDENT
stateless_guest	blsg_rhs	0xbc25fa68	.bss	LINK_DEPENDENT
stateless_guest	blsg_y2	0xbc25fa98	.bss	LINK_DEPENDENT
stateless_guest	blsg_pt1	0xbc25fac8	.bss	LINK_DEPENDENT
stateless_guest	blsg_pt2	0xbc25fb28	.bss	LINK_DEPENDENT
stateless_guest	blsg_pt_tmp	0xbc25fb88	.bss	LINK_DEPENDENT
stateless_guest	blsg_acc96	0xbc25fbe8	.bss	LINK_DEPENDENT
stateless_guest	blsg_term96	0xbc25fc48	.bss	LINK_DEPENDENT
stateless_guest	blsg_sub_out	0xbc25fca8	.bss	LINK_DEPENDENT
stateless_guest	blsg_le_base	0xbc25fd08	.bss	LINK_DEPENDENT
stateless_guest	blsg_le_acc	0xbc25fd68	.bss	LINK_DEPENDENT
stateless_guest	blsg2_fp_params	0xbc25fdc8	.bss	LINK_DEPENDENT
stateless_guest	blsg2_n	0xbc25fdf0	.bss	LINK_DEPENDENT
stateless_guest	blsg2_ninv	0xbc25fe20	.bss	LINK_DEPENDENT
stateless_guest	blsg2_facc	0xbc25fe50	.bss	LINK_DEPENDENT
stateless_guest	blsg2_ft	0xbc25fe80	.bss	LINK_DEPENDENT
stateless_guest	blsg2_lam	0xbc25feb0	.bss	LINK_DEPENDENT
stateless_guest	blsg2_t1	0xbc25ff10	.bss	LINK_DEPENDENT
stateless_guest	blsg2_t2	0xbc25ff70	.bss	LINK_DEPENDENT
stateless_guest	blsg2_den	0xbc25ffd0	.bss	LINK_DEPENDENT
stateless_guest	blsg2_inv_out	0xbc260030	.bss	LINK_DEPENDENT
stateless_guest	blsg2_oc_t	0xbc260090	.bss	LINK_DEPENDENT
stateless_guest	blsg2_oc_y2	0xbc2600f0	.bss	LINK_DEPENDENT
stateless_guest	blsg2_pt1	0xbc260150	.bss	LINK_DEPENDENT
stateless_guest	blsg2_pt2	0xbc260210	.bss	LINK_DEPENDENT
stateless_guest	blsg2_acc	0xbc2602d0	.bss	LINK_DEPENDENT
stateless_guest	blsg2_term	0xbc260390	.bss	LINK_DEPENDENT
stateless_guest	blsg2_sub_out	0xbc260450	.bss	LINK_DEPENDENT
stateless_guest	blq_arith_params	0xbc260510	.bss	LINK_DEPENDENT
stateless_guest	blq_acc	0xbc260538	.bss	LINK_DEPENDENT
stateless_guest	blq_powt	0xbc260988	.bss	LINK_DEPENDENT
stateless_guest	blq_R	0xbc260bc8	.bss	LINK_DEPENDENT
stateless_guest	blq_Q	0xbc261288	.bss	LINK_DEPENDENT
stateless_guest	blq_P	0xbc261948	.bss	LINK_DEPENDENT
stateless_guest	blq_ln	0xbc262008	.bss	LINK_DEPENDENT
stateless_guest	blq_ld	0xbc262248	.bss	LINK_DEPENDENT
stateless_guest	blq_fn	0xbc262488	.bss	LINK_DEPENDENT
stateless_guest	blq_fd	0xbc2626c8	.bss	LINK_DEPENDENT
stateless_guest	blq_tn	0xbc262908	.bss	LINK_DEPENDENT
stateless_guest	blq_td	0xbc262b48	.bss	LINK_DEPENDENT
stateless_guest	blq_m0	0xbc262d88	.bss	LINK_DEPENDENT
stateless_guest	blq_d0	0xbc262fc8	.bss	LINK_DEPENDENT
stateless_guest	blq_d1	0xbc263208	.bss	LINK_DEPENDENT
stateless_guest	blq_d2	0xbc263448	.bss	LINK_DEPENDENT
stateless_guest	blq_d3	0xbc263688	.bss	LINK_DEPENDENT
stateless_guest	blq_d4	0xbc2638c8	.bss	LINK_DEPENDENT
stateless_guest	blq_d5	0xbc263b08	.bss	LINK_DEPENDENT
stateless_guest	blq_d6	0xbc263d48	.bss	LINK_DEPENDENT
stateless_guest	blq_d7	0xbc263f88	.bss	LINK_DEPENDENT
stateless_guest	blq_d8	0xbc2641c8	.bss	LINK_DEPENDENT
stateless_guest	blq_d9	0xbc264408	.bss	LINK_DEPENDENT
stateless_guest	blm_t	0xbc264648	.bss	LINK_DEPENDENT
stateless_guest	blm_t2	0xbc264678	.bss	LINK_DEPENDENT
stateless_guest	blm_zt2	0xbc2646a8	.bss	LINK_DEPENDENT
stateless_guest	blm_tmp	0xbc2646d8	.bss	LINK_DEPENDENT
stateless_guest	blm_n	0xbc264708	.bss	LINK_DEPENDENT
stateless_guest	blm_d	0xbc264738	.bss	LINK_DEPENDENT
stateless_guest	blm_v	0xbc264768	.bss	LINK_DEPENDENT
stateless_guest	blm_u	0xbc264798	.bss	LINK_DEPENDENT
stateless_guest	blm_w	0xbc2647c8	.bss	LINK_DEPENDENT
stateless_guest	blm_r	0xbc2647f8	.bss	LINK_DEPENDENT
stateless_guest	blm_chk	0xbc264828	.bss	LINK_DEPENDENT
stateless_guest	blm_y	0xbc264858	.bss	LINK_DEPENDENT
stateless_guest	blm_s1	0xbc264888	.bss	LINK_DEPENDENT
stateless_guest	blm_xg	0xbc2648b8	.bss	LINK_DEPENDENT
stateless_guest	blm_yg	0xbc2648e8	.bss	LINK_DEPENDENT
stateless_guest	blm_zg	0xbc264918	.bss	LINK_DEPENDENT
stateless_guest	blm_zinv	0xbc264948	.bss	LINK_DEPENDENT
stateless_guest	blm_powt	0xbc264978	.bss	LINK_DEPENDENT
stateless_guest	blm_zp0	0xbc2649a8	.bss	LINK_DEPENDENT
stateless_guest	blm_zp1	0xbc2649d8	.bss	LINK_DEPENDENT
stateless_guest	blm_zp2	0xbc264a08	.bss	LINK_DEPENDENT
stateless_guest	blm_zp3	0xbc264a38	.bss	LINK_DEPENDENT
stateless_guest	blm_zp4	0xbc264a68	.bss	LINK_DEPENDENT
stateless_guest	blm_zp5	0xbc264a98	.bss	LINK_DEPENDENT
stateless_guest	blm_zp6	0xbc264ac8	.bss	LINK_DEPENDENT
stateless_guest	blm_zp7	0xbc264af8	.bss	LINK_DEPENDENT
stateless_guest	blm_zp8	0xbc264b28	.bss	LINK_DEPENDENT
stateless_guest	blm_zp9	0xbc264b58	.bss	LINK_DEPENDENT
stateless_guest	blm_zp10	0xbc264b88	.bss	LINK_DEPENDENT
stateless_guest	blm_zp11	0xbc264bb8	.bss	LINK_DEPENDENT
stateless_guest	blm_zp12	0xbc264be8	.bss	LINK_DEPENDENT
stateless_guest	blm_zp13	0xbc264c18	.bss	LINK_DEPENDENT
stateless_guest	blm_zp14	0xbc264c48	.bss	LINK_DEPENDENT
stateless_guest	blm_m0	0xbc264c78	.bss	LINK_DEPENDENT
stateless_guest	blm_m1	0xbc264ca8	.bss	LINK_DEPENDENT
stateless_guest	blm_m2	0xbc264cd8	.bss	LINK_DEPENDENT
stateless_guest	blm_m3	0xbc264d08	.bss	LINK_DEPENDENT
stateless_guest	blm2_t	0xbc264d38	.bss	LINK_DEPENDENT
stateless_guest	blm2_t2	0xbc264d98	.bss	LINK_DEPENDENT
stateless_guest	blm2_zt2	0xbc264df8	.bss	LINK_DEPENDENT
stateless_guest	blm2_tmp	0xbc264e58	.bss	LINK_DEPENDENT
stateless_guest	blm2_n	0xbc264eb8	.bss	LINK_DEPENDENT
stateless_guest	blm2_d	0xbc264f18	.bss	LINK_DEPENDENT
stateless_guest	blm2_v	0xbc264f78	.bss	LINK_DEPENDENT
stateless_guest	blm2_u	0xbc264fd8	.bss	LINK_DEPENDENT
stateless_guest	blm2_w	0xbc265038	.bss	LINK_DEPENDENT
stateless_guest	blm2_g	0xbc265098	.bss	LINK_DEPENDENT
stateless_guest	blm2_r	0xbc2650f8	.bss	LINK_DEPENDENT
stateless_guest	blm2_cand	0xbc265158	.bss	LINK_DEPENDENT
stateless_guest	blm2_chk	0xbc2651b8	.bss	LINK_DEPENDENT
stateless_guest	blm2_y	0xbc265218	.bss	LINK_DEPENDENT
stateless_guest	blm2_s1	0xbc265278	.bss	LINK_DEPENDENT
stateless_guest	blm2_s2	0xbc2652d8	.bss	LINK_DEPENDENT
stateless_guest	blm2_zp1	0xbc265338	.bss	LINK_DEPENDENT
stateless_guest	blm2_zp2	0xbc265398	.bss	LINK_DEPENDENT
stateless_guest	blm2_zp3	0xbc2653f8	.bss	LINK_DEPENDENT
stateless_guest	blm2_m0	0xbc265458	.bss	LINK_DEPENDENT
stateless_guest	blm2_m1	0xbc2654b8	.bss	LINK_DEPENDENT
stateless_guest	blm2_m2	0xbc265518	.bss	LINK_DEPENDENT
stateless_guest	blm2_m3	0xbc265578	.bss	LINK_DEPENDENT
stateless_guest	blm2_xg	0xbc2655d8	.bss	LINK_DEPENDENT
stateless_guest	blm2_yg	0xbc265638	.bss	LINK_DEPENDENT
stateless_guest	blm2_zg	0xbc265698	.bss	LINK_DEPENDENT
stateless_guest	blm2_zinv	0xbc2656f8	.bss	LINK_DEPENDENT
stateless_guest	blm2_powt	0xbc265758	.bss	LINK_DEPENDENT
stateless_guest	blm_aff	0xbc2657b8	.bss	LINK_DEPENDENT
stateless_guest	blm2_aff	0xbc265818	.bss	LINK_DEPENDENT
stateless_guest	blm2_res	0xbc2658d8	.bss	LINK_DEPENDENT
stateless_guest	blsk_x_le	0xbc265998	.bss	LINK_DEPENDENT
stateless_guest	blsk_rhs_le	0xbc2659c8	.bss	LINK_DEPENDENT
stateless_guest	blsk_y_le	0xbc2659f8	.bss	LINK_DEPENDENT
stateless_guest	blsk_t_le	0xbc265a28	.bss	LINK_DEPENDENT
stateless_guest	blsk_powacc	0xbc265a58	.bss	LINK_DEPENDENT
stateless_guest	blsk_scal_be	0xbc265a88	.bss	LINK_DEPENDENT
stateless_guest	blsk_scal_le	0xbc265ab8	.bss	LINK_DEPENDENT
stateless_guest	blsk_c	0xbc265ae8	.bss	LINK_DEPENDENT
stateless_guest	blsk_pr	0xbc265b48	.bss	LINK_DEPENDENT
stateless_guest	blsk_t1g1	0xbc265ba8	.bss	LINK_DEPENDENT
stateless_guest	blsk_sum_g1	0xbc265c08	.bss	LINK_DEPENDENT
stateless_guest	blsk_sg2	0xbc265c68	.bss	LINK_DEPENDENT
stateless_guest	blsk_xz_g2	0xbc265d28	.bss	LINK_DEPENDENT
stateless_guest	blsk_pair_in	0xbc265de8	.bss	LINK_DEPENDENT
stateless_guest	blk2_v	0xbc2660e8	.bss	LINK_DEPENDENT
stateless_guest	blk2_m	0xbc266168	.bss	LINK_DEPENDENT
stateless_guest	p256_le_a	0xbc2661e8	.bss	LINK_DEPENDENT
stateless_guest	p256_le_b	0xbc266208	.bss	LINK_DEPENDENT
stateless_guest	p256_le_d	0xbc266228	.bss	LINK_DEPENDENT
stateless_guest	p256_le_zero	0xbc266248	.bss	LINK_DEPENDENT
stateless_guest	p256_lam	0xbc266268	.bss	LINK_DEPENDENT
stateless_guest	p256_t1	0xbc266288	.bss	LINK_DEPENDENT
stateless_guest	p256_t2	0xbc2662a8	.bss	LINK_DEPENDENT
stateless_guest	p256_den	0xbc2662c8	.bss	LINK_DEPENDENT
stateless_guest	p256_inv_out	0xbc2662e8	.bss	LINK_DEPENDENT
stateless_guest	p256_acc	0xbc266308	.bss	LINK_DEPENDENT
stateless_guest	p256_sinv	0xbc266328	.bss	LINK_DEPENDENT
stateless_guest	p256_u1	0xbc266348	.bss	LINK_DEPENDENT
stateless_guest	p256_u2	0xbc266368	.bss	LINK_DEPENDENT
stateless_guest	p256_v	0xbc266388	.bss	LINK_DEPENDENT
stateless_guest	p256_p1	0xbc2663a8	.bss	LINK_DEPENDENT
stateless_guest	p256_p2	0xbc2663e8	.bss	LINK_DEPENDENT
stateless_guest	p256_ptmp	0xbc266428	.bss	LINK_DEPENDENT
stateless_guest	bnp_cplx_params	0xbc266468	.bss	LINK_DEPENDENT
stateless_guest	bnp_arith_params	0xbc266478	.bss	LINK_DEPENDENT
stateless_guest	bnp_t0	0xbc2664a0	.bss	LINK_DEPENDENT
stateless_guest	bnp_t1	0xbc2664c0	.bss	LINK_DEPENDENT
stateless_guest	bnp_t2	0xbc2664e0	.bss	LINK_DEPENDENT
stateless_guest	bnp_fp2_t	0xbc266500	.bss	LINK_DEPENDENT
stateless_guest	bnq_acc	0xbc266540	.bss	LINK_DEPENDENT
stateless_guest	bnq_powt	0xbc266820	.bss	LINK_DEPENDENT
stateless_guest	bnq_d0	0xbc2669a0	.bss	LINK_DEPENDENT
stateless_guest	bnq_d1	0xbc266b20	.bss	LINK_DEPENDENT
stateless_guest	bnq_d2	0xbc266ca0	.bss	LINK_DEPENDENT
stateless_guest	bnq_d3	0xbc266e20	.bss	LINK_DEPENDENT
stateless_guest	bnq_d4	0xbc266fa0	.bss	LINK_DEPENDENT
stateless_guest	bnq_d5	0xbc267120	.bss	LINK_DEPENDENT
stateless_guest	bnq_d6	0xbc2672a0	.bss	LINK_DEPENDENT
stateless_guest	bnq_d7	0xbc267420	.bss	LINK_DEPENDENT
stateless_guest	bnq_d8	0xbc2675a0	.bss	LINK_DEPENDENT
stateless_guest	bnq_d9	0xbc267720	.bss	LINK_DEPENDENT
stateless_guest	bnq_R	0xbc2678a0	.bss	LINK_DEPENDENT
stateless_guest	bnq_Q	0xbc267d20	.bss	LINK_DEPENDENT
stateless_guest	bnq_Qa	0xbc2681a0	.bss	LINK_DEPENDENT
stateless_guest	bnq_P	0xbc268620	.bss	LINK_DEPENDENT
stateless_guest	bnq_ln	0xbc268aa0	.bss	LINK_DEPENDENT
stateless_guest	bnq_ld	0xbc268c20	.bss	LINK_DEPENDENT
stateless_guest	bnq_fn	0xbc268da0	.bss	LINK_DEPENDENT
stateless_guest	bnq_fd	0xbc268f20	.bss	LINK_DEPENDENT
stateless_guest	bnq_tn	0xbc2690a0	.bss	LINK_DEPENDENT
stateless_guest	bnq_td	0xbc269220	.bss	LINK_DEPENDENT
stateless_guest	bnq_m0	0xbc2693a0	.bss	LINK_DEPENDENT
stateless_guest	bng_qx	0xbc269520	.bss	LINK_DEPENDENT
stateless_guest	bng_qy	0xbc269560	.bss	LINK_DEPENDENT
stateless_guest	bng_B	0xbc2695a0	.bss	LINK_DEPENDENT
stateless_guest	bng_R	0xbc269660	.bss	LINK_DEPENDENT
stateless_guest	bng_t0	0xbc269720	.bss	LINK_DEPENDENT
stateless_guest	bng_t1	0xbc269760	.bss	LINK_DEPENDENT
stateless_guest	bng_t2	0xbc2697a0	.bss	LINK_DEPENDENT
stateless_guest	bng_t3	0xbc2697e0	.bss	LINK_DEPENDENT
stateless_guest	bng_t4	0xbc269820	.bss	LINK_DEPENDENT
stateless_guest	bng_t5	0xbc269860	.bss	LINK_DEPENDENT
stateless_guest	bng_t6	0xbc2698a0	.bss	LINK_DEPENDENT
stateless_guest	bng_t7	0xbc2698e0	.bss	LINK_DEPENDENT
stateless_guest	bng_t8	0xbc269920	.bss	LINK_DEPENDENT
stateless_guest	bng_t9	0xbc269960	.bss	LINK_DEPENDENT
stateless_guest	bng_px	0xbc2699a0	.bss	LINK_DEPENDENT
stateless_guest	bng_py	0xbc2699c0	.bss	LINK_DEPENDENT
stateless_guest	evm_state_gas_left	0xbc2699e0	.bss	LINK_DEPENDENT
stateless_guest	evm_state_gas_used	0xbc2699e8	.bss	LINK_DEPENDENT
stateless_guest	evm_state_gas_spilled	0xbc2699f0	.bss	LINK_DEPENDENT
stateless_guest	srfd_zero	0xbc269a00	.bss	LINK_DEPENDENT
stateless_guest	srfd_out	0xbc269a20	.bss	LINK_DEPENDENT
stateless_guest	exec_log_txindex	0xbc269a48	.bss	LINK_DEPENDENT
stateless_guest	exec_log_seed_flag	0xbc289a48	.bss	LINK_DEPENDENT
stateless_guest	evm_memory_layout_pad	0xbc28da60	.bss	LINK_DEPENDENT
stateless_guest	evm_sparse_memory_count	0xbc2dda60	.bss	LINK_DEPENDENT
stateless_guest	evm_sparse_memory_epoch_by_depth	0xbc2dda68	.bss	LINK_DEPENDENT
stateless_guest	evm_sparse_memory_entries	0xbc2dfa70	.bss	LINK_DEPENDENT
stateless_guest	evm_env	0xbc317a70	.bss	LINK_DEPENDENT
stateless_guest	evm_blob_hashes	0xbc317d00	.bss	LINK_DEPENDENT
stateless_guest	evm_block_hashes	0xbc317f00	.bss	LINK_DEPENDENT
stateless_guest	evm_event_logs	0xbc319f00	.bss	LINK_DEPENDENT
stateless_guest	evm_log_data	0xbc419f00	.bss	LINK_DEPENDENT
stateless_guest	evm_log_data_meta	0xbc519f00	.bss	LINK_DEPENDENT
stateless_guest	evm_log_data_used	0xbc529f00	.bss	LINK_DEPENDENT
stateless_guest	evm_log_data_overflow	0xbc529f08	.bss	LINK_DEPENDENT
stateless_guest	system_call_mode	0xbc529f10	.bss	LINK_DEPENDENT
stateless_guest	system_call_returndata_len	0xbc529f18	.bss	LINK_DEPENDENT
stateless_guest	system_call_returndata	0xbc529f20	.bss	LINK_DEPENDENT
stateless_guest	top_level_creation_returndata_status	0xbc52cf20	.bss	LINK_DEPENDENT
stateless_guest	rr_halt_ret_save	0xbc52cf28	.bss	LINK_DEPENDENT
stateless_guest	create_deposit_failed_flag	0xbc52cf48	.bss	LINK_DEPENDENT
stateless_guest	evm_selfdestruct_beneficiary	0xbc52cf60	.bss	LINK_DEPENDENT
stateless_guest	evm_selfdestruct_balance_scratch	0xbc52cf80	.bss	LINK_DEPENDENT
stateless_guest	rt_deleg_warm_be	0xbc52cfa0	.bss	LINK_DEPENDENT
stateless_guest	sd_eip7708_from_sw	0xbc52cfc0	.bss	LINK_DEPENDENT
stateless_guest	sd_eip7708_to_sw	0xbc52cfe0	.bss	LINK_DEPENDENT
stateless_guest	evm_selfdestruct_created_in_tx	0xbc52d000	.bss	LINK_DEPENDENT
stateless_guest	evm_selfdestruct_log_status	0xbc52d008	.bss	LINK_DEPENDENT
stateless_guest	evm_selfdestruct_staged	0xbc52d010	.bss	LINK_DEPENDENT
stateless_guest	evm_selfdestruct_seen_count	0xbc52d018	.bss	LINK_DEPENDENT
stateless_guest	evm_selfdestruct_seen_overflow	0xbc52d020	.bss	LINK_DEPENDENT
stateless_guest	evm_selfdestruct_seen_table	0xbc52d040	.bss	LINK_DEPENDENT
stateless_guest	evm_selfdestruct_seen_count_by_depth	0xbc72d040	.bss	LINK_DEPENDENT
stateless_guest	evm_selfdestruct_seen_overflow_by_depth	0xbc72f048	.bss	LINK_DEPENDENT
stateless_guest	evm_selfdestruct_destroyed_count	0xbc731050	.bss	LINK_DEPENDENT
stateless_guest	evm_selfdestruct_destroyed_overflow	0xbc731058	.bss	LINK_DEPENDENT
stateless_guest	evm_selfdestruct_destroyed_table	0xbc731060	.bss	LINK_DEPENDENT
stateless_guest	eip7708_cd_to32	0xbc831060	.bss	LINK_DEPENDENT
stateless_guest	eip7708_tl_from32	0xbc831080	.bss	LINK_DEPENDENT
stateless_guest	eip7708_tl_to32	0xbc8310a0	.bss	LINK_DEPENDENT
stateless_guest	eip7708_tl_val32	0xbc8310c0	.bss	LINK_DEPENDENT
stateless_guest	bv_pending_tl_flag	0xbc8310e0	.bss	LINK_DEPENDENT
stateless_guest	bv_pending_upfront_balance_flag	0xbc8310e8	.bss	LINK_DEPENDENT
stateless_guest	bv_pending_upfront_sender_nonce	0xbc8310f0	.bss	LINK_DEPENDENT
stateless_guest	bv_pending_recipient_credit_flag	0xbc8310f8	.bss	LINK_DEPENDENT
stateless_guest	bv_pending_recipient_nonce	0xbc831100	.bss	LINK_DEPENDENT
stateless_guest	bv_pending_upfront_sender_addr	0xbc831120	.bss	LINK_DEPENDENT
stateless_guest	bv_pending_upfront_sender_pre	0xbc831140	.bss	LINK_DEPENDENT
stateless_guest	bv_pending_upfront_sender_post	0xbc831160	.bss	LINK_DEPENDENT
stateless_guest	bv_pending_recipient_addr	0xbc831180	.bss	LINK_DEPENDENT
stateless_guest	bv_pending_recipient_pre	0xbc8311a0	.bss	LINK_DEPENDENT
stateless_guest	bv_pending_recipient_post	0xbc8311c0	.bss	LINK_DEPENDENT
stateless_guest	bv_pending_value_sender_pre	0xbc8311e0	.bss	LINK_DEPENDENT
stateless_guest	bv_pending_value_sender_post	0xbc831200	.bss	LINK_DEPENDENT
stateless_guest	bv_pending_value_be	0xbc831220	.bss	LINK_DEPENDENT
stateless_guest	evm_precompile_frame	0xbc831240	.bss	LINK_DEPENDENT
stateless_guest	modexp_base_scratch	0xbcc31250	.bss	LINK_DEPENDENT
stateless_guest	modexp_exp_scratch	0xbcc31650	.bss	LINK_DEPENDENT
stateless_guest	modexp_modulus_scratch	0xbcc31a50	.bss	LINK_DEPENDENT
stateless_guest	modexp_output_scratch	0xbcc31e50	.bss	LINK_DEPENDENT
stateless_guest	ripemd_w_state	0xbcc32250	.bss	LINK_DEPENDENT
stateless_guest	ripemd_w_input	0xbcc32268	.bss	LINK_DEPENDENT
stateless_guest	ripemd_line_out	0xbcc322a8	.bss	LINK_DEPENDENT
stateless_guest	bal_state_root	0xbcc322e0	.bss	LINK_DEPENDENT
stateless_guest	bal_acct_struct	0xbcc32300	.bss	LINK_DEPENDENT
stateless_guest	bal_addr_padded	0xbcc32368	.bss	LINK_DEPENDENT
stateless_guest	bal_output_scratch	0xbcc323a0	.bss	LINK_DEPENDENT
stateless_guest	aex_state_root	0xbcc323c0	.bss	LINK_DEPENDENT
stateless_guest	aex_acct_struct	0xbcc323e0	.bss	LINK_DEPENDENT
stateless_guest	aie_state_root	0xbcc32460	.bss	LINK_DEPENDENT
stateless_guest	aie_acct_struct	0xbcc32480	.bss	LINK_DEPENDENT
stateless_guest	aex_predicate	0xbcc324e8	.bss	LINK_DEPENDENT
stateless_guest	aie_predicate	0xbcc324f0	.bss	LINK_DEPENDENT
stateless_guest	sdai_status	0xbcc324f8	.bss	LINK_DEPENDENT
stateless_guest	sdai_origin_len	0xbcc32500	.bss	LINK_DEPENDENT
stateless_guest	sdai_beneficiary_len	0xbcc32508	.bss	LINK_DEPENDENT
stateless_guest	sdai_state_root	0xbcc32520	.bss	LINK_DEPENDENT
stateless_guest	sdai_origin_address	0xbcc32540	.bss	LINK_DEPENDENT
stateless_guest	sdai_origin_rlp	0xbcc32560	.bss	LINK_DEPENDENT
stateless_guest	sdai_beneficiary_rlp	0xbcc32660	.bss	LINK_DEPENDENT
stateless_guest	sdai_transfer_status	0xbcc32760	.bss	LINK_DEPENDENT
stateless_guest	sdai_transfer_origin_len	0xbcc32768	.bss	LINK_DEPENDENT
stateless_guest	sdai_transfer_beneficiary_len	0xbcc32770	.bss	LINK_DEPENDENT
stateless_guest	sdai_transfer_output	0xbcc32780	.bss	LINK_DEPENDENT
stateless_guest	sdbt_delta32	0xbcc32880	.bss	LINK_DEPENDENT
stateless_guest	eahsr_state_root	0xbcc328a0	.bss	LINK_DEPENDENT
stateless_guest	eahsr_address_scratch	0xbcc328c0	.bss	LINK_DEPENDENT
stateless_guest	eahsr_acct_struct	0xbcc328e0	.bss	LINK_DEPENDENT
stateless_guest	ecc_address_scratch	0xbcc32960	.bss	LINK_DEPENDENT
stateless_guest	ecc_state_root	0xbcc32980	.bss	LINK_DEPENDENT
stateless_guest	ecc_acct_struct	0xbcc329a0	.bss	LINK_DEPENDENT
stateless_guest	eccp_codes_ptr	0xbcc32a08	.bss	LINK_DEPENDENT
stateless_guest	eccp_codes_len	0xbcc32a10	.bss	LINK_DEPENDENT
stateless_guest	ecc_match_offset	0xbcc32a18	.bss	LINK_DEPENDENT
stateless_guest	ecc_match_len	0xbcc32a20	.bss	LINK_DEPENDENT
stateless_guest	nonce_state_root	0xbcc32a40	.bss	LINK_DEPENDENT
stateless_guest	nonce_acct_struct	0xbcc32a60	.bss	LINK_DEPENDENT
stateless_guest	create_nonce	0xbcc32ac8	.bss	LINK_DEPENDENT
stateless_guest	create_init_offset	0xbcc32ad0	.bss	LINK_DEPENDENT
stateless_guest	create_init_size	0xbcc32ad8	.bss	LINK_DEPENDENT
stateless_guest	create_sender_be	0xbcc32ae0	.bss	LINK_DEPENDENT
stateless_guest	create_salt_be	0xbcc32b00	.bss	LINK_DEPENDENT
stateless_guest	create_address_be	0xbcc32b20	.bss	LINK_DEPENDENT
stateless_guest	create_value_be	0xbcc32b40	.bss	LINK_DEPENDENT
stateless_guest	create_balance_be	0xbcc32b60	.bss	LINK_DEPENDENT
stateless_guest	create_creator_newbal	0xbcc32b80	.bss	LINK_DEPENDENT
stateless_guest	create_child_status	0xbcc32ba0	.bss	LINK_DEPENDENT
stateless_guest	create_child_kind	0xbcc32ba8	.bss	LINK_DEPENDENT
stateless_guest	create_child_init_len	0xbcc32bb0	.bss	LINK_DEPENDENT
stateless_guest	create_child_return_len	0xbcc32bb8	.bss	LINK_DEPENDENT
stateless_guest	create_child_code_len	0xbcc32bc0	.bss	LINK_DEPENDENT
stateless_guest	create_child_creator_be	0xbcc32be0	.bss	LINK_DEPENDENT
stateless_guest	create_child_target_be	0xbcc32c00	.bss	LINK_DEPENDENT
stateless_guest	create_child_value_be	0xbcc32c20	.bss	LINK_DEPENDENT
stateless_guest	create_child_stack	0xbcc32c40	.bss	LINK_DEPENDENT
stateless_guest	create_child_initcode	0xbcc32cc0	.bss	LINK_DEPENDENT
stateless_guest	create_child_returndata	0xbcc52cc0	.bss	LINK_DEPENDENT
stateless_guest	create_child_code	0xbcc72cc0	.bss	LINK_DEPENDENT
stateless_guest	exec_code_effect_count	0xbcc92cc0	.bss	LINK_DEPENDENT
stateless_guest	exec_code_effect_next	0xbcc92cc8	.bss	LINK_DEPENDENT
stateless_guest	exec_code_effect_overflow	0xbcc92cd0	.bss	LINK_DEPENDENT
stateless_guest	exec_code_effect_log	0xbcc92cd8	.bss	LINK_DEPENDENT
stateless_guest	code_state_pending_count	0xbcd92cd8	.bss	LINK_DEPENDENT
stateless_guest	code_state_durable_count	0xbcd92ce0	.bss	LINK_DEPENDENT
stateless_guest	code_state_created_count	0xbcd92ce8	.bss	LINK_DEPENDENT
stateless_guest	code_state_delete_count	0xbcd92cf0	.bss	LINK_DEPENDENT
stateless_guest	code_state_overflow	0xbcd92cf8	.bss	LINK_DEPENDENT
stateless_guest	code_state_mtx_active	0xbcd92d00	.bss	LINK_DEPENDENT
stateless_guest	account_state_pending_count	0xbcd92d08	.bss	LINK_DEPENDENT
stateless_guest	account_state_durable_count	0xbcd92d10	.bss	LINK_DEPENDENT
stateless_guest	account_state_created_count	0xbcd92d18	.bss	LINK_DEPENDENT
stateless_guest	account_state_delete_count	0xbcd92d20	.bss	LINK_DEPENDENT
stateless_guest	account_state_overflow	0xbcd92d28	.bss	LINK_DEPENDENT
stateless_guest	code_state_bal_acct_ptr	0xbcd92d30	.bss	LINK_DEPENDENT
stateless_guest	code_state_bal_acct_len	0xbcd92d38	.bss	LINK_DEPENDENT
stateless_guest	code_state_bal_len	0xbcd92d40	.bss	LINK_DEPENDENT
stateless_guest	code_state_bal_nonce_len	0xbcd92d48	.bss	LINK_DEPENDENT
stateless_guest	code_state_last_delete_balance_status	0xbcd92d50	.bss	LINK_DEPENDENT
stateless_guest	code_state_bal_bytes	0xbcd92d58	.bss	LINK_DEPENDENT
stateless_guest	code_state_bal_nonce	0xbcd92d78	.bss	LINK_DEPENDENT
stateless_guest	code_state_pre_acct	0xbcd92d98	.bss	LINK_DEPENDENT
stateless_guest	account_state_scratch	0xbcd92de0	.bss	LINK_DEPENDENT
stateless_guest	account_state_durable	0xbcd92e60	.bss	LINK_DEPENDENT
stateless_guest	create_nonce_table_count	0xbd244c60	.bss	LINK_DEPENDENT
stateless_guest	create_nonce_table_overflow	0xbd244c68	.bss	LINK_DEPENDENT
stateless_guest	create_nonce_table	0xbd244c70	.bss	LINK_DEPENDENT
stateless_guest	create_nonce_undo_count	0xbd281d00	.bss	LINK_DEPENDENT
stateless_guest	create_nonce_undo_log	0xbd281d08	.bss	LINK_DEPENDENT
stateless_guest	create_cd_desc	0xbd2cb0e8	.bss	LINK_DEPENDENT
stateless_guest	create_address_word	0xbd2cb160	.bss	LINK_DEPENDENT
stateless_guest	create_frame_flag	0xbd2cb180	.bss	LINK_DEPENDENT
stateless_guest	live_balance_debited_by_depth	0xbd2cd188	.bss	LINK_DEPENDENT
stateless_guest	create_target_alive_flag	0xbd2cf190	.bss	LINK_DEPENDENT
stateless_guest	create_address_by_depth	0xbd2d1198	.bss	LINK_DEPENDENT
stateless_guest	create_sender_by_depth	0xbd2d91b8	.bss	LINK_DEPENDENT
stateless_guest	create_value_by_depth	0xbd2e11d8	.bss	LINK_DEPENDENT
stateless_guest	create_nonce_by_depth	0xbd2e91f8	.bss	LINK_DEPENDENT
stateless_guest	create_prebalance_acct	0xbd2eb200	.bss	LINK_DEPENDENT
stateless_guest	create_prebalance_lookup_status	0xbd2eb280	.bss	LINK_DEPENDENT
stateless_guest	exec_nonstorage_effect_count	0xbd2eb288	.bss	LINK_DEPENDENT
stateless_guest	exec_nonstorage_effect_overflow	0xbd2eb290	.bss	LINK_DEPENDENT
stateless_guest	create_nonce_latest	0xbd2eb298	.bss	LINK_DEPENDENT
stateless_guest	exec_nonstorage_effect_log	0xbd2eb2a0	.bss	LINK_DEPENDENT
stateless_guest	account_state_pending	0xbd706ce0	.bss	LINK_DEPENDENT
stateless_guest	nea_sort_a	0xbd706ce0	.bss	LINK_DEPENDENT
stateless_guest	nea_sort_b	0xbdb22720	.bss	LINK_DEPENDENT
stateless_guest	account_state_created	0xbdbb8ae0	.bss	LINK_DEPENDENT
stateless_guest	account_state_delete	0xbdbf8ae0	.bss	LINK_DEPENDENT
stateless_guest	nea_counts	0xbdf3e160	.bss	LINK_DEPENDENT
stateless_guest	nse_callee_be	0xbdf3e960	.bss	LINK_DEPENDENT
stateless_guest	nse_acct	0xbdf3e980	.bss	LINK_DEPENDENT
stateless_guest	nse_post_bal	0xbdf3e9e8	.bss	LINK_DEPENDENT
stateless_guest	nse_create_post_bal	0xbdf3ea20	.bss	LINK_DEPENDENT
stateless_guest	nse_zero_bal	0xbdf3ea40	.bss	LINK_DEPENDENT
stateless_guest	nse_create_pre_bal	0xbdf3ea60	.bss	LINK_DEPENDENT
stateless_guest	cr_alive_bal	0xbdf3ea80	.bss	LINK_DEPENDENT
stateless_guest	create_target_alive_current_tx	0xbdf3eaa0	.bss	LINK_DEPENDENT
stateless_guest	create_state_gas_charged_current	0xbdf3eaa8	.bss	LINK_DEPENDENT
stateless_guest	create_failed_refund_skip	0xbdf3eab0	.bss	LINK_DEPENDENT
stateless_guest	hcon_state_root	0xbdf3eab8	.bss	LINK_DEPENDENT
stateless_guest	hcon_acct_struct	0xbdf3ead8	.bss	LINK_DEPENDENT
stateless_guest	hcon_predicate	0xbdf3eb40	.bss	LINK_DEPENDENT
stateless_guest	evm_call_depth	0xbdf3eb48	.bss	LINK_DEPENDENT
stateless_guest	evm_halt_flag	0xbdf3eb50	.bss	LINK_DEPENDENT
stateless_guest	frame_save_area	0xbdf3eb60	.bss	LINK_DEPENDENT
stateless_guest	frame_call_ctx	0xbdf42b80	.bss	LINK_DEPENDENT
stateless_guest	frame_parent_bases	0xbdf4aba0	.bss	LINK_DEPENDENT
stateless_guest	cd_desc	0xbdf4ebb0	.bss	LINK_DEPENDENT
stateless_guest	cd_zero_word	0xbdf4ec20	.bss	LINK_DEPENDENT
stateless_guest	cd_caller_be	0xbdf4ec40	.bss	LINK_DEPENDENT
stateless_guest	cd_value_be	0xbdf4ec60	.bss	LINK_DEPENDENT
stateless_guest	cd_balance_be	0xbdf4ec80	.bss	LINK_DEPENDENT
stateless_guest	cd_caller_newbal	0xbdf4eca0	.bss	LINK_DEPENDENT
stateless_guest	cd_callee_be	0xbdf4ecc0	.bss	LINK_DEPENDENT
stateless_guest	cd_deleg_target	0xbdf4ece0	.bss	LINK_DEPENDENT
stateless_guest	cd_xfer_log_pending	0xbdf4ed00	.bss	LINK_DEPENDENT
stateless_guest	cd_xfer_gas_precharged	0xbdf4ed08	.bss	LINK_DEPENDENT
stateless_guest	cd_new_account_charged_current	0xbdf4ed10	.bss	LINK_DEPENDENT
stateless_guest	cd_callee_alive_before_value	0xbdf4ed18	.bss	LINK_DEPENDENT
stateless_guest	cd_destroyed_empty_hits	0xbdf4ed20	.bss	LINK_DEPENDENT
stateless_guest	evm_access_account_count	0xbdf4ed28	.bss	LINK_DEPENDENT
stateless_guest	evm_access_account_table	0xbdf4ed40	.bss	LINK_DEPENDENT
stateless_guest	evm_access_seed_addr	0xbe25c140	.bss	LINK_DEPENDENT
stateless_guest	lp64_stack	0xbe25c160	.bss	LINK_DEPENDENT
stateless_guest	evm_stack_guard_low	0xbe29c160	.bss	LINK_DEPENDENT
stateless_guest	lp64_sp_top	0xbe29c160	.bss	LINK_DEPENDENT
stateless_guest	evm_stack_low	0xbe29c360	.bss	LINK_DEPENDENT
stateless_guest	evm_stack_top	0xbe2a4360	.bss	LINK_DEPENDENT
stateless_guest	evm_stack_top_guard	0xbe2a4360	.bss	LINK_DEPENDENT
stateless_guest	exp_scratch	0xbe2a4560	.bss	LINK_DEPENDENT
stateless_guest	evm_memory	0xbe2a4580	.bss	LINK_DEPENDENT
stateless_guest	__BSS_END__	0xbe6a4580	?	LINK_DEPENDENT
stateless_guest	_end	0xbe6a4580	?	LINK_DEPENDENT
stateless_guest	ssz_merkleize_scratch	0xbf980000	.sszscratch	LINK_DEPENDENT
stateless_guest	ssz_merkleize_padded	0xbfb80000	.sszscratch	LINK_DEPENDENT
stateless_guest	ssz_hb_chunks	0xbfd80000	.sszscratch	LINK_DEPENDENT
stateless_guest	ssz_ltb_child_roots	0xbff80000	.sszscratch	LINK_DEPENDENT
stateless_guest	npr_vh_aligned	0xbffa0000	.sszscratch	LINK_DEPENDENT
stateless_guest	er_child_roots	0xbffc0000	.sszscratch	LINK_DEPENDENT
